UserId,ItemId,Rating
4,1407,4
4,1788,3
4,3328,3
4,3498,4
4,3501,5
11,263,3
11,543,3
11,1126,3
11,1350,3
11,3439,4
14,2057,3
14,2736,4
14,3212,5
14,3718,4
14,3825,3
23,403,4
23,919,4
23,2626,4
23,3199,5
23,3565,4
28,1179,5
28,1485,4
28,1870,4
28,2091,4
28,2149,4
33,663,5
33,1014,4
33,1887,4
33,2544,3
33,2827,5
42,1018,4
42,1351,5
42,2693,4
42,2903,4
42,3098,5
43,833,2
43,1727,4
43,1962,4
43,2252,3
43,3171,2
48,770,4
48,950,4
48,1018,4
48,2607,3
48,3567,5
49,210,3
49,1144,4
49,1799,3
49,2169,5
49,2314,4
52,456,5
52,1559,5
52,2334,3
52,2638,4
52,3773,5
56,753,4
56,1320,2
56,1375,3
56,2487,4
56,3122,2
58,981,5
58,1468,5
58,1599,3
58,1629,5
58,2041,5
61,795,4
61,3011,5
61,3104,3
61,3354,3
61,3428,4
64,350,5
64,950,5
64,1763,5
64,3200,3
64,3548,3
71,15,3
71,1405,3
71,1418,2
71,1609,3
71,3668,3
72,136,4
72,182,4
72,645,5
72,949,5
72,1407,3
73,437,5
73,932,4
73,1100,2
73,1529,5
73,1971,5
84,483,4
84,538,1
84,1329,3
84,2381,3
84,2897,3
89,21,3
89,697,3
89,858,2
89,2574,4
89,2886,3
91,1945,4
91,2171,3
91,2542,3
91,3264,4
91,3324,4
93,2284,1
93,2420,5
93,2822,1
93,2860,2
93,3230,4
103,2282,2
103,2427,4
103,2584,4
103,2603,3
103,3345,5
104,103,4
104,1093,2
104,2071,5
104,2375,1
104,3446,2
106,53,3
106,456,5
106,2075,3
106,3410,4
106,3501,5
135,263,2
135,314,3
135,2623,3
135,3145,4
135,3498,4
146,91,5
146,2189,5
146,2337,4
146,2407,5
146,3624,4
147,653,5
147,962,1
147,1385,3
147,3145,3
147,3892,5
153,404,5
153,1180,5
153,1237,3
153,2511,3
153,3694,5
155,1165,5
155,2380,4
155,2654,2
155,2897,5
155,3324,5
160,1424,5
160,2057,5
160,2645,4
160,2684,5
160,3145,5
195,591,4
195,932,4
195,1851,3
195,2290,3
195,3907,2
198,873,2
198,1474,4
198,1705,4
198,2000,4
198,3263,4
201,197,5
201,560,3
201,729,5
201,1175,4
201,3668,4
204,1018,4
204,1737,3
204,1992,5
204,3272,3
204,3819,3
205,422,4
205,1514,3
205,2074,4
205,2245,4
205,2455,4
214,697,4
214,1701,3
214,2129,5
214,3567,5
214,3773,5
215,320,4
215,376,4
215,858,2
215,2263,3
215,2944,4
221,200,4
221,567,3
221,883,4
221,3184,3
221,3773,4
222,1035,5
222,1113,4
222,1368,4
222,1851,4
222,3924,3
231,432,3
231,653,4
231,1875,4
231,2258,3
231,2838,4
233,214,4
233,477,5
233,2720,5
233,3540,3
233,3587,4
235,548,5
235,1795,5
235,1810,4
235,2720,5
235,2995,4
237,123,2
237,794,3
237,1927,1
237,2944,3
237,3171,2
242,158,3
242,226,4
242,873,3
242,1190,4
242,3224,3
244,787,4
244,2041,4
244,2109,3
244,2770,2
244,3624,4
249,1095,1
249,1366,4
249,1873,5
249,2248,5
249,3836,5
257,203,3
257,1243,3
257,2371,3
257,3200,4
257,3908,2
267,455,1
267,537,5
267,1146,3
267,1265,4
267,1903,5
268,136,5
268,359,5
268,437,4
268,2213,5
268,3518,4
271,97,4
271,668,2
271,1695,4
271,2065,3
271,3924,3
281,936,3
281,982,5
281,2878,3
281,3446,3
281,3892,5
285,2129,4
285,2398,4
285,2654,5
285,2995,4
285,3370,5
291,456,3
291,579,3
291,994,5
291,2291,2
291,3145,5
295,129,4
295,228,2
295,2451,5
295,2586,5
295,2914,4
297,859,3
297,1233,4
297,1549,3
297,1848,4
297,2683,4
300,456,4
300,784,5
300,1381,5
300,2950,5
300,3730,5
301,159,3
301,275,4
301,404,4
301,524,4
301,3123,3
304,660,3
304,1597,2
304,1980,2
304,2830,1
304,2908,4
305,982,4
305,2229,2
305,2366,3
305,2708,3
305,3787,5
306,191,4
306,1148,5
306,1237,4
306,2863,5
306,3476,1
312,303,3
312,821,5
312,2375,5
312,2783,5
312,3348,5
317,1385,5
317,1481,5
317,2443,5
317,2858,4
317,3391,5
322,2421,5
322,3082,4
322,3602,5
322,3663,3
322,3720,4
333,226,3
333,1237,4
333,2944,5
333,3548,5
333,3860,5
339,1645,4
339,2272,5
339,2753,4
339,3027,4
339,3498,4
348,52,4
348,1265,4
348,2215,4
348,2219,4
348,2513,5
350,88,1
350,200,5
350,1088,5
350,1381,2
350,1763,4
351,111,4
351,650,1
351,1067,5
351,1297,3
351,1962,3
358,1763,4
358,2730,3
358,2800,4
358,3098,5
358,3324,3
367,483,5
367,2074,4
367,2836,4
367,3166,3
367,3721,5
369,314,4
369,1035,5
369,1062,1
369,1560,4
369,2804,3
371,331,4
371,934,5
371,981,5
371,2169,5
371,3333,4
373,95,4
373,873,5
373,1442,1
373,3289,3
373,3773,4
376,1249,4
376,2272,5
376,3326,4
376,3344,5
376,3463,5
377,403,4
377,1645,4
377,1815,3
377,2574,5
377,3173,5
387,456,5
387,821,3
387,1151,4
387,1474,5
387,2358,2
401,1016,5
401,2081,1
401,2418,3
401,2488,1
401,3720,5
410,176,4
410,2071,4
410,2603,5
410,3426,3
410,3892,5
411,1690,5
411,2745,5
411,3134,2
411,3446,4
411,3860,4
419,1112,2
419,1690,4
419,2853,4
419,3694,4
419,3860,4
423,231,4
423,1179,5
423,2607,5
423,2954,3
423,3827,4
427,797,4
427,2666,1
427,2897,3
427,3060,2
427,3501,4
438,950,5
438,1168,5
438,1677,5
438,3501,5
438,3882,3
439,1179,5
439,1407,3
439,2421,5
439,2908,4
439,3324,4
440,20,4
440,1766,3
440,2290,4
440,2453,4
440,2694,4
443,863,5
443,932,5
443,1110,5
443,2149,3
443,3225,3
456,132,3
456,2257,3
456,2510,1
456,3196,5
456,3632,3
460,40,3
460,1086,3
460,2511,4
460,3547,3
460,3719,3
477,873,3
477,2443,5
477,2852,4
477,3344,4
477,3860,5
479,275,3
479,863,4
479,2858,5
479,3712,3
479,3860,5
480,2162,5
480,2368,5
480,2620,5
480,2876,5
480,3039,4
482,1208,5
482,1222,3
482,1668,4
482,1777,1
482,2808,1
484,825,1
484,1171,5
484,2291,5
484,3712,4
484,3815,4
489,114,2
489,617,5
489,668,2
489,1232,5
489,3502,4
501,456,4
501,2057,4
501,3439,5
501,3446,5
501,3556,4
502,1165,4
502,2057,5
502,2143,3
502,3345,5
502,3597,4
507,25,5
507,2272,4
507,3324,3
507,3728,4
507,3801,4
515,801,4
515,1903,4
515,2652,3
515,3416,3
515,3742,1
516,2180,4
516,2219,5
516,2654,5
516,3324,3
516,3404,2
518,302,4
518,318,5
518,815,3
518,1261,2
518,2454,4
530,950,5
530,1817,3
530,2282,3
530,3498,5
530,3587,4
531,586,4
531,1572,5
531,3162,4
531,3463,4
531,3800,5
534,25,5
534,91,3
534,1491,5
534,3501,5
534,3860,5
539,53,5
539,1224,4
539,3210,4
539,3462,3
539,3498,5
541,22,5
541,529,4
541,555,5
541,827,5
541,1381,4
547,433,4
547,1373,5
547,1972,3
547,2055,4
547,3747,4
554,385,2
554,1257,3
554,1597,3
554,1746,3
554,3289,1
558,195,4
558,547,4
558,2380,4
558,2451,3
558,3324,3
565,318,5
565,965,4
565,1468,5
565,1851,4
565,3001,5
573,719,5
573,1144,5
573,1484,5
573,2160,5
573,3428,5
580,591,4
580,1249,5
580,2607,5
580,2916,5
580,2977,1
581,1868,1
581,2118,3
581,2443,3
581,2451,4
581,2467,4
626,376,5
626,932,3
626,1407,4
626,2074,3
626,2967,4
660,644,4
660,1924,4
660,2443,4
660,2908,4
660,3840,4
665,719,4
665,1249,4
665,1690,4
665,2622,5
665,3428,4
674,1815,2
674,2040,4
674,2272,5
674,3293,4
674,3855,5
678,919,4
678,1758,3
678,2118,3
678,3368,3
678,3681,3
679,981,5
679,2226,2
679,2427,4
679,3396,4
679,3782,3
680,64,4
680,423,4
680,663,5
680,3132,4
680,3669,3
685,541,5
685,798,4
685,840,2
685,2628,5
685,3358,4
690,68,5
690,136,4
690,376,4
690,1125,4
690,1833,4
701,427,5
701,1024,5
701,1165,4
701,1351,3
701,2993,4
703,458,3
703,994,4
703,1632,4
703,1887,4
703,1982,4
705,1190,4
705,1962,4
705,2922,5
705,2967,5
705,3587,4
706,323,5
706,2272,4
706,2623,4
706,2994,3
706,3782,4
710,2290,4
710,2465,5
710,2634,3
710,3712,5
710,3777,5
716,617,3
716,1248,4
716,1288,5
716,2056,2
716,2654,1
718,587,4
718,795,4
718,2215,4
718,3164,4
718,3845,5
726,787,5
726,1497,2
726,2330,5
726,3424,2
726,3433,4
744,827,5
744,2259,4
744,2375,3
744,2421,5
744,3088,5
749,413,4
749,1220,4
749,1683,4
749,2405,4
749,3200,3
754,200,5
754,1303,4
754,2529,3
754,3196,4
754,3892,4
759,949,4
759,1249,4
759,1815,3
759,3230,5
759,3683,3
764,537,5
764,617,5
764,988,4
764,2408,4
764,2845,1
770,895,4
770,1830,3
770,2260,1
770,3747,1
770,3939,4
771,672,3
771,1151,4
771,2020,4
771,3705,3
771,3773,3
774,56,5
774,1093,5
774,1881,4
774,2451,5
774,2860,5
778,787,5
778,1460,5
778,1466,4
778,2513,4
778,2758,2
782,622,5
782,1171,4
782,2421,4
782,3518,2
782,3787,5
784,210,5
784,333,4
784,2081,3
784,2603,3
784,2671,4
785,80,4
785,712,3
785,988,5
785,1739,4
785,2103,3
787,114,4
787,467,2
787,544,4
787,2693,5
787,3413,4
794,608,4
794,1261,5
794,1402,4
794,3404,5
794,3721,5
795,2283,1
795,2659,4
795,3273,5
795,3404,3
795,3720,4
800,146,5
800,850,4
800,994,4
800,2381,4
800,2970,5
804,1851,4
804,2290,4
804,2369,4
804,2908,3
804,3171,2
825,548,4
825,1711,3
825,2033,3
825,2410,3
825,3210,4
830,243,1
830,2542,3
830,3111,1
830,3145,5
830,3858,3
833,585,3
833,1130,4
833,2226,4
833,2334,3
833,2603,4
845,385,2
845,425,5
845,3348,5
845,3413,4
845,3536,3
857,645,5
857,1615,4
857,3362,3
857,3662,4
857,3781,4
858,153,1
858,1626,4
858,1972,2
858,2607,5
858,3375,2
859,821,3
859,1179,5
859,1632,4
859,2286,3
859,2603,5
870,692,2
870,990,2
870,1815,5
870,1975,2
870,2182,5
872,244,1
872,1518,1
872,2718,5
872,3196,1
872,3603,1
893,1165,5
893,1742,4
893,1763,5
893,3712,4
893,3747,2
897,1233,4
897,3145,5
897,3439,4
897,3550,3
897,3596,5
900,461,2
900,1113,4
900,1815,4
900,1972,4
900,2057,4
902,693,4
902,1873,4
902,2490,2
902,2607,4
902,3302,2
903,378,3
903,932,1
903,968,5
903,2071,3
903,3098,4
906,1708,3
906,1839,5
906,2103,2
906,2272,5
906,3501,5
907,1190,1
907,1220,3
907,2055,4
907,3200,4
907,3446,3
909,200,4
909,763,4
909,2369,4
909,3565,4
909,3781,5
920,608,4
920,1165,2
920,1559,3
920,3075,4
920,3761,2
922,64,4
922,1898,3
922,2607,5
922,2763,4
922,3439,4
923,1018,2
923,1690,5
923,2639,2
923,2767,3
923,3849,1
927,263,4
927,389,3
927,1696,5
927,3184,4
927,3200,5
929,529,5
929,1016,3
929,1043,5
929,3070,5
929,3539,3
930,374,4
930,1204,3
930,2408,4
930,2772,3
930,3848,3
938,965,1
938,2129,4
938,2215,3
938,3349,4
938,3498,5
948,543,3
948,914,5
948,1701,4
948,2116,3
948,2290,4
953,1125,4
953,1378,5
953,2314,4
953,3578,4
953,3849,3
958,688,3
958,901,5
958,1816,2
958,2057,3
958,3487,3
974,210,1
974,2154,2
974,2229,5
974,3405,5
974,3501,5
992,1491,5
992,1645,5
992,2483,4
992,2666,3
992,3348,4
1001,445,5
1001,621,5
1001,821,5
1001,2283,3
1001,3570,4
1002,364,3
1002,474,5
1002,2371,4
1002,2846,5
1002,3795,4
1004,617,2
1004,1018,5
1004,1456,5
1004,2404,1
1004,3413,5
1006,134,4
1006,938,3
1006,1171,4
1006,2603,4
1006,3348,4
1007,1763,5
1007,1981,2
1007,2065,5
1007,3324,1
1007,3587,2
1011,155,4
1011,1480,2
1011,1763,5
1011,3712,3
1011,3737,3
1018,1190,5
1018,1456,5
1018,2267,3
1018,2408,4
1018,3781,3
1023,64,4
1023,863,4
1023,2275,1
1023,3039,4
1023,3672,4
1027,534,4
1027,1407,4
1027,1629,3
1027,3358,3
1027,3498,4
1028,399,5
1028,456,5
1028,971,2
1028,3821,4
1028,3924,5
1037,176,3
1037,1136,1
1037,2248,5
1037,3165,5
1037,3279,4
1043,149,4
1043,792,4
1043,902,4
1043,2728,2
1043,2844,3
1049,2042,3
1049,2189,2
1049,2993,5
1049,3296,5
1049,3950,3
1052,226,2
1052,1741,5
1052,2692,4
1052,3145,5
1052,3264,4
1060,537,4
1060,784,4
1060,1196,4
1060,1368,4
1060,2769,4
1067,149,3
1067,965,2
1067,2340,4
1067,2607,3
1067,3195,3
1086,725,3
1086,1176,4
1086,1243,5
1086,1565,5
1086,2073,5
1087,1265,3
1087,1643,4
1087,1815,4
1087,3159,5
1087,3793,3
1088,2286,3
1088,2869,3
1088,3596,1
1088,3787,4
1088,3795,3
1096,1375,5
1096,1927,3
1096,2421,4
1096,3132,4
1096,3684,1
1104,446,4
1104,815,4
1104,2380,4
1104,3494,5
1104,3720,5
1109,955,3
1109,1146,2
1109,1645,5
1109,2565,3
1109,3721,4
1112,444,5
1112,1930,5
1112,3501,5
1112,3795,5
1112,3892,5
1132,1297,3
1132,1928,4
1132,2603,5
1132,3237,5
1132,3313,5
1147,965,5
1147,1146,3
1147,3099,3
1147,3681,4
1147,3793,4
1151,389,5
1151,833,5
1151,1218,4
1151,1415,5
1151,2065,4
1152,366,4
1152,408,3
1152,1615,5
1152,2603,5
1152,2845,3
1154,95,1
1154,1276,2
1154,1415,1
1154,1739,1
1154,3500,5
1157,158,3
1157,432,1
1157,769,1
1157,1201,2
1157,1483,1
1161,447,5
1161,2051,5
1161,2182,5
1161,3166,2
1161,3487,1
1163,950,5
1163,1615,4
1163,1789,5
1163,2283,5
1163,3501,5
1173,32,4
1173,494,3
1173,2041,3
1173,2071,3
1173,3184,3
1177,795,5
1177,965,5
1177,2900,5
1177,3070,5
1177,3721,5
1178,901,5
1178,1894,3
1178,2820,5
1178,3027,4
1178,3107,5
1179,1460,5
1179,2381,1
1179,2783,5
1179,3164,3
1179,3447,5
1184,1248,5
1184,1815,3
1184,1901,5
1184,2226,3
1184,2993,5
1189,537,4
1189,1146,5
1189,1190,4
1189,1195,4
1189,3881,5
1200,197,4
1200,1483,4
1200,3051,4
1200,3096,5
1200,3676,4
1205,1080,2
1205,1366,5
1205,2750,2
1205,3328,3
1205,3344,3
1211,1056,4
1211,1125,4
1211,1243,5
1211,2225,3
1211,3789,5
1212,1670,3
1212,2404,4
1212,3057,4
1212,3630,4
1212,3860,5
1213,1500,3
1213,2033,4
1213,2487,3
1213,2818,4
1213,3694,4
1214,700,5
1214,1690,2
1214,2900,5
1214,3735,2
1214,3787,5
1215,736,1
1215,1190,4
1215,1468,5
1215,2730,2
1215,2733,3
1220,603,4
1220,657,3
1220,1901,3
1220,2059,3
1220,3655,4
1229,483,4
1229,1058,4
1229,1100,3
1229,1125,2
1229,3718,5
1232,1067,3
1232,2279,5
1232,2420,2
1232,2836,4
1232,3062,1
1235,203,4
1235,494,5
1235,1632,5
1235,1741,5
1235,2664,2
1236,357,1
1236,1325,2
1236,2728,5
1236,3206,4
1236,3918,3
1258,1157,3
1258,2016,4
1258,2191,4
1258,3113,3
1258,3726,4
1260,992,3
1260,2956,2
1260,2960,5
1260,3050,3
1260,3528,4
1262,981,3
1262,1350,4
1262,1460,4
1262,2693,4
1262,3633,5
1266,668,3
1266,1567,5
1266,2574,4
1266,3506,4
1266,3607,4
1270,663,5
1270,881,3
1270,1303,3
1270,1971,4
1270,3460,4
1272,1018,4
1272,1237,4
1272,2057,4
1272,2184,4
1272,2981,3
1274,74,4
1274,363,3
1274,1034,3
1274,1394,4
1274,3391,4
1275,726,5
1275,932,3
1275,1531,5
1275,3145,3
1275,3628,5
1284,116,5
1284,868,3
1284,2100,4
1284,2383,3
1284,2987,4
1285,686,5
1285,988,5
1285,1295,4
1285,2693,4
1285,3548,5
1286,567,5
1286,605,4
1286,1237,5
1286,1447,4
1286,2071,5
1297,1930,4
1297,2055,5
1297,2056,4
1297,3349,4
1297,3720,5
1311,537,4
1311,1559,2
1311,1748,3
1311,2394,3
1311,3571,2
1312,111,5
1312,226,3
1312,1295,5
1312,1466,4
1312,3864,3
1314,343,3
1314,827,3
1314,1514,3
1314,3181,3
1314,3683,5
1323,518,3
1323,1763,5
1323,2509,3
1323,2658,4
1323,2663,4
1326,236,4
1326,1760,4
1326,2347,4
1326,3011,3
1326,3344,4
1333,571,5
1333,757,5
1333,858,3
1333,1823,4
1333,3567,4
1336,380,3
1336,444,2
1336,1466,1
1336,2283,1
1336,3444,1
1337,483,3
1337,858,3
1337,1881,4
1337,3410,4
1337,3573,3
1342,302,5
1342,1466,4
1342,2215,4
1342,2550,2
1342,3567,5
1343,696,1
1343,1190,5
1343,1397,5
1343,1782,4
1343,1998,4
1344,1190,4
1344,1468,4
1344,1571,3
1344,2954,3
1344,3528,4
1351,1043,5
1351,1613,4
1351,3059,2
1351,3176,4
1351,3809,1
1353,1673,2
1353,2169,5
1353,2572,2
1353,2936,1
1353,3820,3
1376,1980,5
1376,2442,5
1376,3027,4
1376,3132,4
1376,3892,4
1390,748,4
1390,1946,4
1390,3174,5
1390,3200,5
1390,3324,5
1397,883,4
1397,982,4
1397,1696,3
1397,2220,4
1397,3892,4
1398,129,5
1398,1137,3
1398,1249,4
1398,2215,3
1398,3014,4
1408,200,4
1408,837,2
1408,1690,2
1408,2075,5
1408,2635,5
1409,407,2
1409,1034,3
1409,1146,3
1409,2197,3
1409,2648,3
1411,1024,5
1411,1258,4
1411,1677,5
1411,2454,5
1411,3164,5
1420,537,3
1420,1270,4
1420,2021,5
1420,2082,3
1420,2447,4
1429,442,3
1429,2155,4
1429,3145,5
1429,3463,5
1429,3787,5
1436,1468,5
1436,1855,5
1436,3550,4
1436,3668,5
1436,3875,5
1437,50,3
1437,1270,5
1437,1421,4
1437,1500,3
1437,3439,5
1444,1639,4
1444,2065,4
1444,3096,4
1444,3785,5
1444,3860,5
1447,1142,4
1447,1643,5
1447,1901,4
1447,2499,5
1447,2590,2
1448,1146,4
1448,2226,5
1448,2581,2
1448,3464,5
1448,3694,4
1450,1851,5
1450,1972,5
1450,2040,4
1450,2248,5
1450,2710,5
1458,31,5
1458,112,2
1458,1378,5
1458,1815,3
1458,3630,4
1460,537,5
1460,1873,4
1460,1951,3
1460,2408,4
1460,3892,5
1464,1243,4
1464,2331,3
1464,3271,3
1464,3391,4
1464,3433,5
1465,1238,3
1465,2572,3
1465,3132,3
1465,3164,4
1465,3875,5
1467,991,3
1467,1144,2
1467,1188,3
1467,1746,2
1467,2813,5
1471,224,4
1471,528,3
1471,2979,3
1471,3793,4
1471,3840,3
1472,399,5
1472,1171,5
1472,1373,5
1472,2846,4
1472,3704,3
1478,53,4
1478,287,4
1478,1514,5
1478,3132,5
1478,3344,4
1483,1491,3
1483,1584,4
1483,2091,4
1483,2226,3
1483,3501,4
1488,712,4
1488,896,1
1488,965,4
1488,3145,4
1488,3358,3
1489,1821,3
1489,2020,4
1489,2088,4
1489,2337,4
1489,2900,5
1492,308,2
1492,1171,5
1492,1460,5
1492,1695,3
1492,2041,3
1502,1806,4
1502,1851,4
1502,2247,3
1502,2260,3
1502,2317,2
1503,1261,4
1503,1962,4
1503,3049,1
1503,3375,5
1503,3518,5
1517,59,3
1517,978,3
1517,1983,4
1517,2235,4
1517,3545,4
1519,231,3
1519,516,4
1519,1402,3
1519,2091,4
1519,2287,3
1524,622,5
1524,2813,5
1524,3145,5
1524,3781,3
1524,3785,5
1542,413,5
1542,420,4
1542,608,5
1542,1621,3
1542,3712,5
1543,622,3
1543,950,4
1543,1263,4
1543,3107,5
1543,3700,3
1545,376,3
1545,994,4
1545,1432,1
1545,2993,3
1545,3892,3
1559,932,5
1559,1179,3
1559,1208,5
1559,1341,5
1559,2654,3
1567,537,4
1567,712,2
1567,1144,3
1567,2363,4
1567,3536,4
1572,1193,1
1572,1690,4
1572,2164,1
1572,2919,3
1572,3567,1
1573,839,4
1573,989,2
1573,1165,4
1573,3107,4
1573,3145,5
1595,1220,5
1595,1868,2
1595,2055,4
1595,2245,3
1595,2601,3
1606,273,4
1606,1626,4
1606,2035,1
1606,2427,4
1606,2639,4
1613,589,4
1613,2074,5
1613,2579,3
1613,3181,3
1613,3230,4
1623,2374,5
1623,2844,5
1623,3506,5
1623,3627,4
1623,3663,4
1624,790,2
1624,1847,4
1624,2380,3
1624,2564,5
1624,3174,3
1625,1642,3
1625,2338,3
1625,2654,4
1625,3107,4
1625,3765,4
1645,374,4
1645,1741,4
1645,2074,4
1645,2359,4
1645,3747,4
1650,95,4
1650,910,5
1650,2148,1
1650,2954,4
1650,3934,5
1653,622,5
1653,1165,4
1653,1494,5
1653,2223,5
1653,2454,5
1656,943,4
1656,1363,5
1656,2290,4
1656,2314,3
1656,3494,4
1664,84,2
1664,1146,3
1664,2443,5
1664,2731,3
1664,3860,5
1666,538,2
1666,1122,4
1666,1775,1
1666,1785,4
1666,1867,4
1668,477,4
1668,537,5
1668,1171,4
1668,3132,3
1668,3432,4
1676,159,3
1676,1668,3
1676,2008,3
1676,2607,4
1676,3372,4
1677,176,5
1677,1099,4
1677,1671,3
1677,1794,4
1677,3630,4
1681,320,2
1681,461,4
1681,528,4
1681,2272,3
1681,3892,4
1682,645,4
1682,863,3
1682,1221,2
1682,1381,4
1682,3207,4
1685,254,2
1685,2128,4
1685,2692,2
1685,2827,3
1685,3145,5
1688,476,3
1688,2498,5
1688,2648,4
1688,2956,1
1688,3950,3
1691,1745,4
1691,2529,4
1691,3035,4
1691,3075,4
1691,3324,2
1694,1368,5
1694,2487,5
1694,3065,4
1694,3352,5
1694,3924,4
1700,1468,4
1700,2683,4
1700,3279,4
1700,3761,4
1700,3860,4
1703,1881,4
1703,2405,4
1703,3410,5
1703,3789,5
1703,3793,5
1712,323,5
1712,461,3
1712,602,2
1712,1539,2
1712,2163,3
1713,2275,3
1713,2838,4
1713,2950,3
1713,3315,4
1713,3587,4
1724,296,5
1724,302,4
1724,988,4
1724,1763,5
1724,3883,3
1729,483,4
1729,735,2
1729,1249,3
1729,2369,4
1729,3270,5
1731,627,3
1731,640,1
1731,1412,3
1731,3313,4
1731,3807,3
1741,705,2
1741,1851,5
1741,2248,5
1741,2714,2
1741,3556,3
1744,908,3
1744,1017,3
1744,2587,5
1744,2722,4
1744,2886,5
1750,2451,3
1750,2633,2
1750,2693,4
1750,3476,4
1750,3804,2
1755,186,3
1755,719,3
1755,1095,4
1755,1125,3
1755,2258,3
1760,854,4
1760,2408,3
1760,3277,4
1760,3501,4
1760,3570,4
1768,302,5
1768,1491,4
1768,2290,3
1768,2544,3
1768,3443,4
1775,254,4
1775,1761,4
1775,1836,3
1775,2451,4
1775,2652,4
1777,1306,5
1777,1473,1
1777,2338,3
1777,2631,3
1777,3376,4
1779,779,2
1779,790,2
1779,965,4
1779,2995,4
1779,3896,2
1780,688,3
1780,864,4
1780,1937,4
1780,2804,4
1780,3550,2
1782,1600,4
1782,1786,3
1782,2836,5
1782,3368,5
1782,3463,4
1785,1278,5
1785,1381,5
1785,1989,5
1785,2731,3
1785,3443,3
1788,376,4
1788,423,5
1788,476,4
1788,3472,4
1788,3860,3
1803,240,4
1803,1175,5
1803,2465,5
1803,3405,5
1803,3781,4
1815,949,4
1815,1179,4
1815,2693,2
1815,3062,1
1815,3236,5
1827,596,1
1827,976,3
1827,1014,2
1827,2368,1
1827,2897,1
1837,946,3
1837,2827,3
1837,3027,5
1837,3325,4
1837,3626,2
1845,537,3
1845,1385,2
1845,1400,4
1845,2852,3
1845,3892,5
1850,290,4
1850,541,4
1850,1686,3
1850,2324,4
1850,3645,5
1858,214,5
1858,2262,4
1858,3173,5
1858,3720,5
1858,3721,5
1866,1368,4
1866,2154,4
1866,2251,4
1866,3324,4
1866,3472,4
1871,486,3
1871,981,3
1871,1165,5
1871,1561,4
1871,3145,3
1872,502,3
1872,712,3
1872,1480,4
1872,2924,4
1872,3016,5
1873,399,5
1873,994,5
1873,2088,2
1873,2562,4
1873,3498,5
1874,1080,5
1874,1539,2
1874,2373,3
1874,2375,4
1874,3245,3
1883,470,5
1883,692,2
1883,3498,1
1883,3585,5
1883,3720,4
1892,221,3
1892,1924,3
1892,2710,4
1892,3349,3
1892,3892,3
1897,881,1
1897,2215,3
1897,2583,1
1897,2683,5
1897,3164,5
1898,17,5
1898,236,5
1898,1168,5
1898,2311,3
1898,3206,4
1904,988,4
1904,1385,2
1904,2513,4
1904,3195,5
1904,3518,5
1907,420,4
1907,865,1
1907,2654,1
1907,2836,4
1907,2900,5
1917,302,4
1917,423,4
1917,2139,2
1917,2315,3
1917,3814,4
1921,936,4
1921,1016,3
1921,1366,4
1921,3206,5
1921,3444,4
1927,714,3
1927,2152,4
1927,2529,3
1927,2728,4
1927,3663,4
1934,226,3
1934,2086,1
1934,2447,4
1934,2482,4
1934,3122,3
1936,1546,5
1936,1924,5
1936,1937,4
1936,2420,3
1936,2895,3
1949,476,5
1949,1146,3
1949,1953,1
1949,3027,5
1949,3860,4
1952,653,3
1952,1190,5
1952,1531,2
1952,2334,3
1952,2607,3
1953,6,5
1953,156,5
1953,456,5
1953,2683,4
1953,3279,4
1957,333,3
1957,815,3
1957,2566,4
1957,3098,5
1957,3176,3
1960,302,4
1960,1275,4
1960,2169,5
1960,2408,4
1960,3237,4
1969,719,5
1969,2080,4
1969,2129,4
1969,2544,4
1969,3498,4
1976,537,4
1976,1100,1
1976,1427,3
1976,1560,5
1976,2248,5
1977,1093,4
1977,1629,5
1977,1815,4
1977,3050,4
1977,3924,4
1979,1580,3
1979,1761,3
1979,1786,4
1979,3830,3
1979,3864,3
1981,456,3
1981,476,4
1981,1761,3
1981,2075,5
1981,2642,1
1990,257,4
1990,363,3
1990,1270,5
1990,1960,5
1990,2662,4
1992,352,4
1992,483,4
1992,988,4
1992,1836,1
1992,3370,4
1993,883,4
1993,1144,3
1993,2451,5
1993,2453,5
1993,2603,4
1994,622,3
1994,1306,3
1994,1645,4
1994,1851,5
1994,2248,5
1997,331,5
1997,1243,3
1997,2267,3
1997,2499,3
1997,3119,4
1998,1093,4
1998,1100,3
1998,1770,3
1998,1833,4
1998,3338,3
1999,1232,2
1999,1962,4
1999,3230,3
1999,3439,3
1999,3855,5
2001,1739,4
2001,1960,5
2001,1972,4
2001,2420,3
2001,3098,4
2009,1701,3
2009,2695,4
2009,3145,5
2009,3584,5
2009,3881,3
2010,408,3
2010,2247,2
2010,2286,3
2010,3266,5
2010,3638,4
2019,114,5
2019,195,4
2019,1972,5
2019,2900,5
2019,3269,1
2021,714,4
2021,1412,4
2021,1560,5
2021,2291,4
2021,2922,4
2026,537,3
2026,1024,5
2026,1659,5
2026,2381,5
2026,3222,4
2028,210,1
2028,2424,2
2028,2469,4
2028,2574,4
2028,2979,5
2031,537,1
2031,950,4
2031,1850,2
2031,2248,4
2031,3173,4
2032,833,4
2032,1248,4
2032,2714,4
2032,3088,5
2032,3800,5
2042,492,4
2042,648,4
2042,1815,5
2042,2080,4
2042,3672,5
2044,199,3
2044,836,2
2044,1972,4
2044,2408,4
2044,3168,3
2054,218,4
2054,1124,5
2054,3377,4
2054,3781,3
2054,3902,3
2060,1473,1
2060,2291,4
2060,2409,4
2060,3632,4
2060,3795,2
2064,283,4
2064,343,5
2064,2143,4
2064,2852,4
2064,2879,4
2076,544,4
2076,661,5
2076,1491,5
2076,3164,5
2076,3518,5
2078,1855,3
2078,2873,3
2078,2972,3
2078,3420,2
2078,3684,2
2079,275,5
2079,1365,5
2079,1823,3
2079,2248,5
2079,2972,4
2080,950,4
2080,1571,4
2080,2215,3
2080,2511,4
2080,2989,2
2084,193,1
2084,503,1
2084,645,4
2084,1306,5
2084,2168,1
2090,1385,2
2090,1815,2
2090,2967,5
2090,3793,4
2090,3892,5
2095,303,5
2095,1376,1
2095,2119,2
2095,2529,3
2095,3907,2
2102,147,1
2102,1009,5
2102,1088,4
2102,2928,5
2102,3882,3
2108,302,5
2108,2015,5
2108,2381,5
2108,3270,4
2108,3892,4
2112,1165,3
2112,1822,3
2112,2451,3
2112,2693,4
2112,3501,4
2113,456,5
2113,1217,5
2113,2275,4
2113,3455,3
2113,3747,5
2119,883,4
2119,1763,5
2119,2562,4
2119,2853,5
2119,3639,5
2125,537,4
2125,881,4
2125,994,4
2125,1937,4
2125,1956,2
2128,97,5
2128,2192,2
2128,2252,4
2128,2603,5
2128,3486,3
2145,435,4
2145,854,2
2145,1312,4
2145,1753,4
2145,3396,4
2146,950,5
2146,1579,3
2146,1694,4
2146,3447,3
2146,3747,5
2151,95,4
2151,1224,3
2151,1842,3
2151,2465,3
2151,3444,4
2160,1567,4
2160,1668,3
2160,1758,4
2160,2666,4
2160,2811,4
2161,712,4
2161,1034,3
2161,1116,3
2161,1617,2
2161,3113,3
2163,223,4
2163,290,5
2163,508,4
2163,1815,3
2163,3463,4
2165,868,4
2165,936,4
2165,1962,3
2165,2758,4
2165,3293,4
2169,349,5
2169,1275,4
2169,1323,3
2169,2006,4
2169,3049,4
2172,784,4
2172,982,4
2172,1763,5
2172,2167,5
2172,3827,3
2175,442,3
2175,1074,4
2175,1875,1
2175,2894,3
2175,3319,4
2176,649,3
2176,2155,4
2176,2900,4
2176,3049,3
2176,3176,4
2185,483,3
2185,1368,4
2185,2607,5
2185,2623,4
2185,2900,5
2186,1626,3
2186,2361,2
2186,3151,4
2186,3313,4
2186,3549,2
2187,456,5
2187,757,3
2187,821,3
2187,1290,5
2187,1690,2
2199,353,4
2199,938,5
2199,1651,4
2199,2215,4
2199,2304,2
2200,1062,4
2200,1200,2
2200,1249,2
2200,1300,2
2200,2836,2
2202,1146,5
2202,1472,3
2202,1972,5
2202,2900,5
2202,3498,4
2203,1848,3
2203,2281,2
2203,3122,3
2203,3377,3
2203,3922,2
2213,212,4
2213,337,5
2213,2899,5
2213,3362,4
2213,3882,4
2221,1402,3
2221,1408,2
2221,1789,5
2221,3567,4
2221,3787,5
2229,183,4
2229,401,5
2229,827,5
2229,1937,5
2229,2015,3
2234,129,5
2234,1854,3
2234,1924,4
2234,2290,3
2234,3142,4
2236,331,4
2236,2289,3
2236,3187,2
2236,3285,2
2236,3821,4
2243,226,2
2243,776,3
2243,1009,4
2243,2950,4
2243,3364,4
2254,714,2
2254,932,2
2254,1763,3
2254,2149,2
2254,2820,4
2256,389,2
2256,1018,4
2256,1080,2
2256,1643,3
2256,1782,2
2261,20,2
2261,1323,3
2261,1975,3
2261,2041,3
2261,3672,5
2269,456,5
2269,1009,5
2269,2688,5
2269,2728,2
2269,3326,5
2271,374,2
2271,1295,3
2271,1971,2
2271,3598,2
2271,3712,3
2274,226,4
2274,398,3
2274,413,3
2274,1208,4
2274,2091,4
2276,1350,4
2276,2065,3
2276,2496,2
2276,2513,4
2276,2607,5
2293,1104,4
2293,1875,4
2293,1981,3
2293,2796,2
2293,3324,4
2301,639,3
2301,1062,5
2301,2614,4
2301,2648,5
2301,3433,5
2310,1093,4
2310,1559,4
2310,1608,4
2310,3324,4
2310,3773,5
2311,226,4
2311,428,3
2311,2967,5
2311,3313,4
2311,3592,5
2312,1852,4
2312,2623,4
2312,3066,5
2312,3800,5
2312,3929,2
2317,159,4
2317,1292,3
2317,1333,3
2317,1363,3
2317,1429,1
2319,116,4
2319,423,3
2319,1272,4
2319,3173,5
2319,3845,5
2320,226,3
2320,698,4
2320,1400,3
2320,2443,4
2320,2455,4
2323,444,4
2323,781,3
2323,1208,4
2323,1554,4
2323,2398,4
2324,29,3
2324,329,5
2324,1822,4
2324,1991,3
2324,2381,4
2331,374,4
2331,537,3
2331,633,4
2331,1278,2
2331,2607,5
2332,537,5
2332,873,4
2332,2453,4
2332,3633,5
2332,3781,4
2335,387,4
2335,660,5
2335,2124,1
2335,2853,4
2335,3827,1
2336,1030,3
2336,1514,5
2336,2020,5
2336,3197,3
2336,3936,1
2339,423,5
2339,1146,4
2339,1364,2
2339,1645,5
2339,3349,3
2341,719,5
2341,1690,4
2341,1868,2
2341,2404,5
2341,2928,4
2344,89,2
2344,672,1
2344,936,2
2344,3245,4
2344,3720,4
2345,352,4
2345,1297,3
2345,1553,3
2345,2334,4
2345,2607,5
2348,2442,4
2348,2639,2
2348,3107,3
2348,3230,3
2348,3324,5
2356,483,5
2356,757,5
2356,1382,5
2356,3498,2
2356,3556,4
2360,83,4
2360,945,2
2360,1032,1
2360,2706,5
2360,2863,5
2361,149,4
2361,386,4
2361,3427,2
2361,3548,3
2361,3918,2
2365,1124,4
2365,1356,4
2365,1626,4
2365,2258,5
2365,2635,4
2367,73,3
2367,1088,5
2367,1165,4
2367,2074,4
2367,3749,5
2369,176,4
2369,454,3
2369,1050,3
2369,2634,5
2369,3372,3
2376,719,5
2376,1146,5
2376,1412,4
2376,2138,5
2376,2453,3
2383,594,4
2383,697,5
2383,1306,4
2383,1350,4
2383,1983,5
2394,1561,5
2394,2215,5
2394,2338,4
2394,2431,3
2394,3836,4
2395,795,4
2395,1427,2
2395,1781,4
2395,2129,4
2395,3747,4
2399,932,1
2399,990,4
2399,3176,4
2399,3306,3
2399,3713,3
2400,621,4
2400,1249,3
2400,2123,3
2400,2353,3
2400,3800,4
2413,1144,4
2413,1608,4
2413,2879,4
2413,3892,3
2413,3924,4
2419,729,2
2419,800,3
2419,805,2
2419,2014,4
2419,3047,4
2424,53,3
2424,68,3
2424,116,2
2424,1500,4
2424,3928,2
2426,1131,5
2426,1688,5
2426,3099,4
2426,3750,3
2426,3830,5
2429,594,5
2429,1088,3
2429,1249,5
2429,1767,4
2429,3747,4
2430,863,4
2430,1190,5
2430,1584,4
2430,2467,4
2430,3107,4
2435,567,3
2435,1050,3
2435,2249,4
2435,2652,5
2435,3935,3
2443,129,5
2443,145,1
2443,413,2
2443,874,5
2443,2118,2
2456,1645,5
2456,1855,3
2456,2167,4
2456,2235,3
2456,3663,4
2458,1887,4
2458,2454,4
2458,2900,5
2458,3472,4
2458,3892,5
2461,1400,4
2461,1755,5
2461,2763,4
2461,3123,4
2461,3645,5
2471,477,4
2471,1095,3
2471,2836,2
2471,3296,4
2471,3668,2
2473,1009,4
2473,2021,4
2473,2559,4
2473,3401,3
2473,3783,2
2474,97,1
2474,1171,5
2474,2215,3
2474,3787,5
2474,3836,5
2478,399,5
2478,1880,3
2478,2900,5
2478,3789,4
2478,3892,5
2480,351,1
2480,1413,3
2480,1983,5
2480,3187,3
2480,3346,3
2484,1887,5
2484,2235,5
2484,2291,5
2484,3015,5
2484,3781,5
2489,263,5
2489,1117,3
2489,2871,2
2489,3663,5
2489,3892,3
2494,1701,3
2494,2016,2
2494,2215,5
2494,2607,3
2494,3855,2
2495,700,3
2495,883,4
2495,2511,4
2495,3439,4
2495,3892,4
2502,398,5
2502,945,5
2502,2956,4
2502,3548,5
2502,3860,5
2510,1514,4
2510,2818,3
2510,2852,4
2510,3132,5
2510,3783,3
2513,1306,5
2513,1922,4
2513,2065,3
2513,2337,3
2513,2556,1
2515,926,1
2515,2038,3
2515,2607,4
2515,3148,3
2515,3450,2
2528,314,3
2528,608,4
2528,1243,5
2528,2314,4
2528,3567,3
2532,173,3
2532,714,5
2532,2287,5
2532,3527,3
2532,3849,4
2537,274,4
2537,507,4
2537,725,3
2537,2289,5
2537,3396,5
2548,484,3
2548,1560,5
2548,2283,4
2548,2693,5
2548,3134,4
2555,1224,3
2555,1763,5
2555,1972,3
2555,3370,4
2555,3933,3
2559,899,5
2559,1108,3
2559,1407,2
2559,2536,3
2559,3296,2
2560,1690,4
2560,1701,5
2560,2407,3
2560,3391,3
2560,3639,1
2566,149,4
2566,555,2
2566,1988,3
2566,2338,4
2566,3344,4
2571,913,4
2571,1091,3
2571,2617,3
2571,2897,2
2571,3574,2
2572,1190,4
2572,1521,4
2572,2421,4
2572,3145,4
2572,3672,5
2574,1363,3
2574,1744,3
2574,2065,4
2574,2745,3
2574,3950,2
2579,901,4
2579,1510,5
2579,1953,5
2579,2645,4
2579,2812,5
2584,56,2
2584,608,5
2584,1024,2
2584,2852,4
2584,3195,2
2588,854,5
2588,1873,3
2588,2360,4
2588,3676,3
2588,3747,4
2599,414,2
2599,1068,2
2599,2296,2
2599,2981,5
2599,3674,3
2603,608,3
2603,1190,5
2603,1833,2
2603,3082,1
2603,3795,4
2612,1243,5
2612,2143,3
2612,2409,3
2612,3601,3
2612,3766,4
2614,462,2
2614,1035,3
2614,1491,5
2614,2226,5
2614,3352,4
2619,236,5
2619,990,3
2619,2360,4
2619,2654,5
2619,3012,4
2620,981,4
2620,1232,5
2620,1888,4
2620,3056,5
2620,3899,4
2640,725,5
2640,1150,3
2640,1565,3
2640,3498,3
2640,3936,5
2648,263,4
2648,611,3
2648,965,4
2648,2967,5
2648,3781,4
2650,221,5
2650,328,5
2650,378,5
2650,2178,5
2650,2513,5
2655,283,4
2655,3174,4
2655,3291,3
2655,3375,3
2655,3773,3
2656,288,4
2656,1548,5
2656,2248,3
2656,2917,4
2656,3789,5
2659,226,3
2659,2420,4
2659,2987,4
2659,3164,4
2659,3455,3
2660,200,3
2660,290,2
2660,1182,3
2660,1618,3
2660,2598,3
2661,840,2
2661,2602,3
2661,3014,4
2661,3174,4
2661,3344,5
2666,617,5
2666,800,4
2666,2284,2
2666,2351,5
2666,3596,4
2667,945,5
2667,1034,4
2667,1357,3
2667,2368,5
2667,3600,4
2673,828,3
2673,1295,4
2673,1491,4
2673,1906,4
2673,3578,4
2674,1368,4
2674,1694,5
2674,1761,3
2674,3372,4
2674,3815,2
2675,1815,3
2675,2324,1
2675,2765,3
2675,2857,5
2675,3720,4
2681,354,4
2681,968,4
2681,990,5
2681,1560,3
2681,3860,3
2683,332,4
2683,1237,4
2683,2706,5
2683,2995,4
2683,3883,3
2692,483,3
2692,1011,3
2692,1324,3
2692,2353,4
2692,2361,4
2693,345,5
2693,349,5
2693,1165,4
2693,1478,4
2693,2450,4
2696,433,3
2696,444,5
2696,795,4
2696,1368,4
2696,3556,5
2697,1134,5
2697,1144,4
2697,2259,5
2697,2901,4
2697,3740,4
2701,1218,5
2701,1313,5
2701,1739,4
2701,2169,5
2701,3080,4
2709,318,4
2709,401,3
2709,442,2
2709,2139,2
2709,3823,5
2715,1414,3
2715,2634,4
2715,2813,2
2715,3544,3
2715,3630,3
2723,1220,5
2723,1560,3
2723,1744,3
2723,3718,4
2723,3939,2
2732,21,5
2732,290,4
2732,932,3
2732,1126,3
2732,2079,5
2733,459,3
2733,690,2
2733,2751,4
2733,3097,2
2733,3145,4
2738,389,3
2738,594,5
2738,1677,5
2738,1945,4
2738,3672,4
2739,945,2
2739,1626,5
2739,2314,4
2739,2607,5
2739,3324,4
2742,1190,4
2742,1658,5
2742,1665,2
2742,2840,3
2742,3076,2
2745,707,4
2745,1070,4
2745,2263,4
2745,2967,5
2745,3133,3
2759,226,2
2759,865,3
2759,1243,4
2759,2282,1
2759,2852,4
2762,2369,4
2762,2421,4
2762,2451,3
2762,3472,5
2762,3747,2
2766,432,3
2766,602,4
2766,955,1
2766,2042,2
2766,2063,3
2768,244,5
2768,302,4
2768,3447,3
2768,3474,4
2768,3781,5
2771,16,3
2771,386,2
2771,1539,3
2771,2149,3
2771,2960,4
2774,710,4
2774,1264,3
2774,2047,4
2774,2481,2
2774,3135,5
2776,1156,3
2776,1685,3
2776,2660,1
2776,2704,2
2776,3036,2
2777,971,3
2777,1179,5
2777,1887,5
2777,2612,5
2777,2872,4
2784,413,3
2784,594,3
2784,2829,4
2784,3173,4
2784,3782,3
2793,2652,3
2793,2695,5
2793,2767,5
2793,2914,3
2793,3096,2
2805,22,5
2805,1146,5
2805,2886,4
2805,3012,5
2805,3375,5
2809,263,4
2809,1402,2
2809,1672,4
2809,3514,4
2809,3756,4
2812,786,4
2812,904,5
2812,2123,4
2812,2381,5
2812,2858,4
2820,1079,5
2820,1466,4
2820,2283,3
2820,2706,4
2820,3126,5
2838,2352,3
2838,2692,3
2838,2967,4
2838,3358,5
2838,3892,4
2843,1285,3
2843,1873,5
2843,2248,4
2843,2301,5
2843,3163,5
2850,59,5
2850,459,5
2850,928,5
2850,2395,5
2850,2459,5
2854,1560,3
2854,2071,4
2854,2356,4
2854,3664,3
2854,3814,4
2855,537,3
2855,994,5
2855,1378,4
2855,2064,3
2855,2289,5
2861,945,3
2861,1058,5
2861,1823,3
2861,1962,3
2861,3492,3
2862,725,5
2862,988,4
2862,2603,5
2862,2693,3
2862,3431,4
2863,1329,4
2863,2103,4
2863,3145,4
2863,3168,3
2863,3605,4
2866,56,4
2866,1699,2
2866,2219,3
2866,2513,5
2866,2846,4
2867,536,5
2867,1815,4
2867,2165,3
2867,2409,1
2867,3375,4
2876,176,4
2876,308,3
2876,553,4
2876,1265,2
2876,2451,3
2879,477,4
2879,994,4
2879,2967,4
2879,3376,4
2879,3712,5
2885,1306,5
2885,2021,5
2885,2381,2
2885,2745,5
2885,3727,1
2886,621,4
2886,968,4
2886,1170,1
2886,1306,5
2886,2900,5
2888,544,5
2888,1655,4
2888,1701,2
2888,1815,3
2888,2041,4
2894,719,4
2894,2928,5
2894,2967,1
2894,3324,4
2894,3836,5
2896,1074,3
2896,1839,4
2896,2272,5
2896,2570,3
2896,3279,5
2900,413,5
2900,456,5
2900,1093,5
2900,3663,5
2900,3781,4
2902,268,5
2902,1016,2
2902,1699,4
2902,1971,4
2902,3080,5
2909,994,5
2909,2407,5
2909,2435,5
2909,3111,4
2909,3501,3
2930,988,3
2930,1024,4
2930,1468,5
2930,1696,5
2930,2047,4
2933,445,4
2933,1741,4
2933,1924,5
2933,2595,3
2933,3086,3
2934,541,4
2934,2287,3
2934,2350,4
2934,2407,4
2934,3334,3
2939,76,4
2939,548,5
2939,1945,5
2939,3372,4
2939,3694,5
2940,365,3
2940,536,5
2940,1788,1
2940,2215,4
2940,2226,4
2946,203,4
2946,401,5
2946,1795,4
2946,2248,5
2946,3712,5
2951,423,4
2951,1243,4
2951,1491,3
2951,1645,4
2951,3463,5
2952,158,1
2952,1630,2
2952,1673,2
2952,2368,3
2952,3490,1
2958,22,4
2958,850,3
2958,910,2
2958,3121,3
2958,3358,3
2967,200,4
2967,1429,4
2967,1690,5
2967,1872,2
2967,3401,5
2970,1375,4
2970,2057,3
2970,2611,2
2970,2981,5
2970,3098,4
2976,263,3
2976,2248,4
2976,2783,3
2976,3212,4
2976,3694,4
2977,617,4
2977,968,5
2977,2006,4
2977,2016,5
2977,2267,4
2980,82,3
2980,1742,3
2980,1953,5
2980,2565,4
2980,2634,4
2984,617,4
2984,621,3
2984,965,3
2984,1763,5
2984,2654,4
2986,1473,3
2986,1576,3
2986,2216,3
2986,2490,5
2986,3921,4
2987,913,4
2987,1248,5
2987,2900,4
2987,2916,3
2987,3049,2
2999,537,1
2999,668,4
2999,1026,5
2999,2813,5
2999,3463,5
3008,555,5
3008,868,4
3008,2614,5
3008,2683,5
3008,2872,5
3012,406,4
3012,1962,5
3012,2187,4
3012,2274,3
3012,2465,5
3014,893,4
3014,1445,1
3014,1468,1
3014,2639,1
3014,3765,4
3020,363,4
3020,794,3
3020,1758,3
3020,1951,4
3020,3067,2
3021,284,3
3021,1088,4
3021,1873,3
3021,1885,4
3021,3158,4
3025,404,4
3025,537,2
3025,994,4
3025,1468,5
3025,1763,4
3026,357,1
3026,1407,4
3026,2967,5
3026,3463,5
3026,3792,4
3043,314,3
3043,919,3
3043,1099,3
3043,1243,5
3043,1351,5
3049,432,5
3049,1427,5
3049,2123,4
3049,2301,4
3049,2808,3
3069,56,5
3069,383,4
3069,401,4
3069,2167,5
3069,2804,5
3070,622,5
3070,679,3
3070,932,2
3070,1179,5
3070,1378,5
3073,609,2
3073,703,1
3073,982,5
3073,1144,2
3073,1369,5
3074,34,4
3074,179,5
3074,1817,5
3074,1998,3
3074,3239,2
3081,149,5
3081,2065,5
3081,2447,4
3081,2465,4
3081,3107,4
3083,84,4
3083,1915,2
3083,1972,3
3083,2280,2
3083,3732,4
3084,419,1
3084,560,2
3084,1333,3
3084,2011,3
3084,3335,1
3085,1171,5
3085,1329,4
3085,1815,5
3085,3597,4
3085,3616,3
3094,1466,4
3094,1549,1
3094,2143,5
3094,2451,5
3094,2928,3
3116,423,5
3116,536,3
3116,2445,4
3116,3012,5
3116,3096,4
3117,123,4
3117,1501,2
3117,1914,3
3117,3391,3
3117,3849,3
3124,1162,4
3124,2213,5
3124,2248,5
3124,2340,4
3124,3703,4
3142,883,5
3142,1544,3
3142,2893,5
3142,3104,3
3142,3351,5
3157,303,5
3157,437,4
3157,1842,1
3157,2405,4
3157,3498,4
3167,1306,3
3167,2139,4
3167,2692,4
3167,2827,2
3167,2996,3
3175,333,3
3175,1822,4
3175,2745,3
3175,2750,5
3175,2987,4
3177,765,3
3177,858,2
3177,2283,4
3177,2666,3
3177,2996,4
3182,585,1
3182,1130,5
3182,1645,5
3182,3556,5
3182,3781,4
3185,1696,4
3185,2767,3
3185,2900,5
3185,3012,4
3185,3053,4
3195,29,4
3195,1168,4
3195,1817,5
3195,2059,2
3195,2980,3
3198,423,5
3198,1882,4
3198,2363,4
3198,3344,5
3198,3498,4
3207,411,1
3207,1466,4
3207,2216,4
3207,2574,4
3207,3498,4
3236,1144,4
3236,1617,4
3236,2648,5
3236,2858,4
3236,3924,5
3240,757,4
3240,1085,4
3240,1924,2
3240,2314,4
3240,2770,1
3252,398,4
3252,848,1
3252,1759,5
3252,3065,3
3252,3206,2
3256,147,3
3256,374,3
3256,1368,4
3256,1748,5
3256,1870,2
3265,129,3
3265,660,4
3265,698,5
3265,1146,4
3265,3358,5
3277,1748,3
3277,1761,3
3277,1870,3
3277,2369,4
3277,3380,4
3279,910,4
3279,2714,1
3279,2872,4
3279,3405,5
3279,3738,3
3282,700,2
3282,873,2
3282,913,2
3282,1746,4
3282,3104,3
3283,486,3
3283,513,2
3283,608,4
3283,1243,5
3283,3049,3
3285,331,4
3285,1696,5
3285,2967,4
3285,3565,3
3285,3682,3
3290,231,3
3290,2290,3
3290,3239,2
3290,3315,2
3290,3924,3
3293,537,4
3293,1034,2
3293,1270,5
3293,3789,4
3293,3793,3
3294,537,4
3294,1521,5
3294,1763,4
3294,2041,5
3294,2291,2
3296,226,5
3296,864,4
3296,1134,5
3296,3362,4
3296,3892,5
3306,184,1
3306,1214,3
3306,1615,3
3306,1866,4
3306,2642,4
3307,274,3
3307,467,5
3307,1066,3
3307,1555,2
3307,1818,4
3308,60,1
3308,976,2
3308,994,4
3308,1868,1
3308,3353,4
3326,156,2
3326,1469,5
3326,2467,4
3326,2730,4
3326,3075,5
3329,133,5
3329,668,4
3329,1125,4
3329,1179,4
3329,1786,4
3335,1088,3
3335,2443,4
3335,2771,3
3335,3196,3
3335,3498,5
3342,1142,4
3342,1560,3
3342,1998,4
3342,2886,4
3342,2893,2
3352,965,5
3352,2967,5
3352,3443,3
3352,3494,3
3352,3860,5
3364,621,4
3364,1243,4
3364,1348,4
3364,3173,5
3364,3668,4
3366,458,4
3366,516,3
3366,606,3
3366,2339,5
3366,2654,5
3367,460,4
3367,883,2
3367,1858,2
3367,3188,4
3367,3796,2
3371,1088,5
3371,1759,5
3371,2051,5
3371,3111,4
3371,3498,5
3376,2109,1
3376,2967,1
3376,3012,5
3376,3202,5
3376,3426,5
3377,1179,4
3377,2993,4
3377,3163,2
3377,3313,4
3377,3855,3
3380,480,4
3380,970,4
3380,1324,2
3380,2292,2
3380,3463,5
3382,29,3
3382,2993,4
3382,3493,2
3382,3734,2
3382,3900,5
3389,236,3
3389,2546,3
3389,2771,3
3389,3145,4
3389,3413,2
3390,6,5
3390,1875,4
3390,2149,3
3390,2167,4
3390,2488,1
3393,1202,1
3393,1748,2
3393,1847,5
3393,3324,2
3393,3781,1
3396,450,4
3396,968,4
3396,2235,5
3396,2450,3
3396,3565,4
3401,459,5
3401,1475,1
3401,2235,5
3401,2607,5
3401,3113,4
3402,965,5
3402,2007,2
3402,2607,5
3402,2634,3
3402,3570,4
3405,534,5
3405,696,3
3405,2174,3
3405,2967,4
3405,3384,4
3411,537,5
3411,1690,5
3411,2511,5
3411,3173,5
3411,3500,4
3417,120,4
3417,456,5
3417,1248,5
3417,2820,5
3417,2967,1
3420,1922,5
3420,2227,4
3420,2248,5
3420,2774,5
3420,3530,2
3423,501,3
3423,1144,5
3423,1243,5
3423,3100,4
3423,3271,4
3432,202,1
3432,2216,4
3432,2291,4
3432,2505,3
3432,3203,4
3437,95,2
3437,1546,5
3437,1645,5
3437,3348,3
3437,3860,5
3441,544,5
3441,1520,2
3441,1696,5
3441,2813,5
3441,2872,5
3448,423,5
3448,1368,5
3448,1466,4
3448,3377,4
3448,3875,4
3449,901,1
3449,994,1
3449,1559,5
3449,1982,3
3449,3270,4
3459,378,5
3459,710,4
3459,2467,5
3459,3176,4
3459,3781,5
3460,1468,3
3460,1875,3
3460,2566,4
3460,3372,2
3460,3567,4
3461,692,2
3461,2351,5
3461,2981,4
3461,3070,5
3461,3596,5
3462,358,1
3462,1408,2
3462,1518,3
3462,3369,1
3462,3589,1
3466,1026,2
3466,1630,3
3466,2124,3
3466,2981,5
3466,3742,4
3474,74,4
3474,2259,5
3474,2981,2
3474,3324,4
3474,3749,4
3485,72,3
3485,2396,5
3485,2967,5
3485,3500,3
3485,3836,4
3487,1018,4
3487,1095,4
3487,2091,4
3487,2235,5
3487,3875,4
3496,1407,5
3496,1478,4
3496,2314,5
3496,3346,5
3496,3445,5
3498,534,4
3498,537,5
3498,1276,5
3498,1560,5
3498,2858,5
3502,426,3
3502,965,3
3502,973,4
3502,1851,5
3502,3720,3
3507,1607,5
3507,2003,4
3507,2481,2
3507,3663,3
3507,3683,5
3510,169,4
3510,1381,3
3510,3390,2
3510,3439,3
3510,3463,5
3512,748,3
3512,821,3
3512,952,4
3512,1375,4
3512,3463,3
3519,214,3
3519,1407,4
3519,1429,4
3519,1823,4
3519,3703,3
3523,2372,1
3523,2544,3
3523,2634,4
3523,3570,3
3523,3749,4
3524,1048,4
3524,1427,3
3524,2558,3
3524,3027,3
3524,3855,2
3536,320,3
3536,1088,5
3536,2225,3
3536,2603,5
3536,2979,4
3537,712,5
3537,2458,3
3537,3082,5
3537,3563,4
3537,3624,4
3542,537,4
3542,923,1
3542,1341,3
3542,3163,3
3542,3181,4
3545,951,3
3545,1690,3
3545,3028,1
3545,3352,3
3545,3791,2
3561,483,4
3561,1174,3
3561,1553,4
3561,2215,5
3561,2383,4
3566,537,3
3566,1690,3
3566,2248,5
3566,3249,3
3566,3444,2
3571,64,5
3571,1300,2
3571,1368,2
3571,1481,3
3571,2919,4
3574,528,4
3574,988,4
3574,1690,3
3574,2197,3
3574,3548,4
3576,432,4
3576,1165,4
3576,1311,2
3576,3279,3
3576,3924,4
3577,2733,4
3577,2967,4
3577,3233,1
3577,3815,4
3577,3860,4
3581,502,4
3581,547,5
3581,1111,3
3581,1237,2
3581,3066,2
3595,413,5
3595,945,1
3595,1302,2
3595,2291,4
3595,2671,3
3599,686,5
3599,1972,5
3599,2262,5
3599,3206,4
3599,3661,4
3601,1746,3
3601,2496,4
3601,2669,2
3601,3290,3
3601,3439,5
3609,710,4
3609,2051,4
3609,2205,4
3609,3014,3
3609,3413,4
3610,608,1
3610,2272,4
3610,3296,3
3610,3860,5
3610,3892,2
3617,200,4
3617,1645,4
3617,2838,3
3617,3683,5
3617,3892,5
3626,603,1
3626,764,1
3626,1064,3
3626,3567,2
3626,3933,5
3629,477,5
3629,712,4
3629,1229,4
3629,2071,5
3629,3720,5
3630,95,4
3630,385,3
3630,1785,5
3630,1823,4
3630,3501,5
3633,1179,4
3633,1402,1
3633,3119,2
3633,3721,4
3633,3815,3
3638,1035,3
3638,2143,5
3638,2634,2
3638,2692,5
3638,2745,4
3643,150,4
3643,197,4
3643,686,4
3643,1146,4
3643,1696,5
3645,1129,5
3645,2443,3
3645,3145,5
3645,3187,1
3645,3200,4
3648,548,4
3648,1165,4
3648,2757,5
3648,3098,4
3648,3556,4
3654,1420,5
3654,1645,5
3654,1690,4
3654,2026,5
3654,2900,4
3661,1108,4
3661,1276,2
3661,1491,5
3661,2757,5
3661,3239,2
3662,1124,2
3662,1903,3
3662,2893,3
3662,3231,5
3662,3768,4
3667,821,4
3667,1696,4
3667,2595,4
3667,3250,4
3667,3727,5
3675,483,4
3675,827,5
3675,1067,1
3675,1741,4
3675,2939,4
3677,1255,3
3677,1378,5
3677,1665,3
3677,2692,3
3677,2937,2
3683,789,4
3683,1429,3
3683,2080,3
3683,3536,5
3683,3855,3
3698,1085,4
3698,1272,3
3698,1295,4
3698,3039,5
3698,3892,4
3710,712,5
3710,1701,2
3710,2394,3
3710,3324,3
3710,3444,4
3711,1165,5
3711,2191,4
3711,2572,1
3711,3734,3
3711,3875,3
3715,302,4
3715,848,3
3715,1851,3
3715,2182,3
3715,3506,5
3723,1190,5
3723,1456,3
3723,2008,4
3723,2852,5
3723,3264,3
3725,700,3
3725,2138,3
3725,2372,3
3725,3119,2
3725,3518,2
3726,401,5
3726,787,5
3726,1024,5
3726,3200,5
3726,3860,5
3736,302,4
3736,378,2
3736,1034,3
3736,2314,3
3736,3528,2
3737,159,4
3737,226,4
3737,1208,4
3737,1690,4
3737,3860,5
3749,349,2
3749,536,3
3749,1514,4
3749,3326,4
3749,3405,4
3756,1318,5
3756,2857,4
3756,3550,4
3756,3620,4
3756,3712,4
3766,524,4
3766,1034,3
3766,1381,3
3766,1786,4
3766,2081,4
3767,20,3
3767,936,3
3767,1807,2
3767,2987,4
3767,3747,3
3768,203,4
3768,884,4
3768,1786,5
3768,2518,1
3768,3012,4
3771,1696,4
3771,1887,5
3771,1922,5
3771,2664,4
3771,3145,5
3783,374,4
3783,1146,4
3783,1788,4
3783,2900,5
3783,3286,4
3784,442,5
3784,1125,5
3784,1763,2
3784,1934,5
3784,3262,3
3787,1009,5
3787,1645,5
3787,2857,5
3787,2897,5
3787,3790,3
3788,398,5
3788,950,4
3788,1179,3
3788,1823,1
3788,3006,2
3793,142,4
3793,181,4
3793,736,1
3793,2305,1
3793,3368,1
3794,1822,5
3794,1881,4
3794,1989,3
3794,2381,3
3794,2752,2
3795,386,3
3795,444,4
3795,483,3
3795,2057,3
3795,3898,3
3799,1565,2
3799,2293,3
3799,2314,5
3799,2753,4
3799,3507,4
3805,432,4
3805,881,3
3805,1034,3
3805,2114,1
3805,3933,3
3809,1052,3
3809,2508,4
3809,3029,5
3809,3479,3
3809,3799,1
3810,112,5
3810,688,4
3810,798,4
3810,848,3
3810,3705,3
3823,502,5
3823,1081,3
3823,2573,2
3823,3122,3
3823,3358,5
3824,398,3
3824,1972,4
3824,3293,3
3824,3427,4
3824,3567,3
3825,159,4
3825,389,3
3825,994,5
3825,2260,2
3825,2597,3
3839,268,4
3839,1009,5
3839,1468,4
3839,2041,4
3839,3267,4
3841,662,3
3841,2112,4
3841,2280,5
3841,2344,5
3841,3446,1
3842,873,3
3842,2337,1
3842,2692,3
3842,2886,5
3842,2983,3
3846,965,4
3846,968,4
3846,1975,4
3846,2505,3
3846,3517,4
3849,465,4
3849,1366,4
3849,2272,2
3849,2776,4
3849,3410,2
3860,1770,4
3860,2389,4
3860,2558,4
3860,2981,4
3860,3777,4
3864,210,3
3864,3164,5
3864,3517,5
3864,3570,5
3864,3845,5
3873,1165,5
3873,1456,4
3873,1645,5
3873,2144,3
3873,2314,4
3880,200,2
3880,1851,4
3880,3151,5
3880,3353,1
3880,3948,4
3882,198,4
3882,419,5
3882,815,4
3882,3449,4
3882,3721,4
3883,246,2
3883,1763,5
3883,2568,2
3883,2808,3
3883,3924,3
3887,1130,4
3887,1190,5
3887,2301,2
3887,2529,5
3887,3516,5
3891,1237,3
3891,1412,2
3891,2091,4
3891,2314,4
3891,3463,4
3894,675,4
3894,965,3
3894,1088,4
3894,3428,4
3894,3498,4
3897,1763,3
3897,2800,5
3897,2914,3
3897,3072,3
3897,3848,3
3903,95,4
3903,1711,2
3903,1908,4
3903,2075,5
3903,3310,4
3905,1229,3
3905,1686,3
3905,1867,1
3905,3447,4
3905,3761,2
3910,881,4
3910,2020,3
3910,2289,5
3910,3027,4
3910,3892,5
3917,1165,5
3917,1255,5
3917,2197,5
3917,2408,3
3917,3292,5
3918,918,5
3918,2081,1
3918,2381,4
3918,2869,3
3918,3498,5
3932,423,5
3932,2021,5
3932,3145,3
3932,3164,4
3932,3506,5
3935,308,3
3935,630,4
3935,736,2
3935,1547,3
3935,2692,4
3937,1001,2
3937,1739,3
3937,3080,5
3937,3412,5
3937,3892,5
3941,1306,5
3941,1312,1
3941,3029,3
3941,3506,5
3941,3882,4
3950,775,1
3950,1873,4
3950,2435,3
3950,3718,5
3950,3929,3
3957,399,4
3957,1634,4
3957,1953,4
3957,2109,2
3957,3058,4
3960,226,5
3960,543,3
3960,1237,5
3960,1690,4
3960,2634,5
3963,461,4
3963,806,4
3963,1125,4
3963,1971,4
3963,3313,4
3965,411,4
3965,734,5
3965,1924,4
3965,2021,5
3965,3245,4
3971,423,4
3971,435,4
3971,787,4
3971,1088,5
3971,3210,4
3975,1991,4
3975,2291,4
3975,2381,2
3975,2695,4
3975,3375,4
3981,548,5
3981,1088,5
3981,1699,5
3981,3168,4
3981,3324,4
3982,1822,4
3982,3028,3
3982,3050,1
3982,3364,3
3982,3596,4
3988,537,5
3988,1007,4
3988,1229,4
3988,2143,4
3988,3176,4
3996,567,1
3996,2914,4
3996,3060,3
3996,3123,4
3996,3567,3
4008,726,2
4008,1048,4
4008,1786,4
4008,2098,4
4008,3892,4
4011,97,4
4011,586,5
4011,698,4
4011,1368,3
4011,2827,4
4014,1306,4
4014,1466,4
4014,2169,4
4014,2617,3
4014,2987,4
4015,1113,3
4015,1933,4
4015,2204,5
4015,2368,3
4015,3501,4
4018,1559,4
4018,1645,5
4018,2258,3
4018,2381,4
4018,3439,4
4026,1523,4
4026,2088,5
4026,2671,1
4026,2827,1
4026,3747,5
4028,7,5
4028,226,4
4028,1034,3
4028,1179,5
4028,3620,5
4031,323,4
4031,890,5
4031,1007,4
4031,2901,5
4031,3279,5
4038,2792,4
4038,3313,4
4038,3358,2
4038,3698,4
4038,3892,5
4047,1232,4
4047,1565,4
4047,1759,4
4047,2654,5
4047,3047,4
4048,486,4
4048,1306,2
4048,1382,4
4048,2730,4
4048,3126,3
4050,1278,4
4050,1456,3
4050,2016,3
4050,2465,4
4050,2858,3
4051,2334,4
4051,2356,4
4051,2363,3
4051,2772,3
4051,3267,5
4055,425,2
4055,1427,4
4055,1701,3
4055,2822,1
4055,3898,4
4056,375,4
4056,1951,5
4056,2160,1
4056,2908,3
4056,3793,4
4059,113,4
4059,2170,5
4059,2248,5
4059,3119,3
4059,3501,1
4073,49,4
4073,1470,4
4073,2408,5
4073,2654,3
4073,3145,5
4074,1373,5
4074,2056,5
4074,2314,4
4074,3324,5
4074,3405,5
4079,537,5
4079,1146,5
4079,1159,3
4079,2016,5
4079,2331,4
4081,994,4
4081,1696,4
4081,2265,2
4081,2410,5
4081,2603,5
4088,34,4
4088,83,4
4088,787,5
4088,2595,3
4088,3366,4
4096,255,4
4096,696,4
4096,773,1
4096,884,1
4096,2654,5
4100,1464,4
4100,3051,5
4100,3295,3
4100,3530,4
4100,3892,3
4104,348,1
4104,2684,3
4104,3734,2
4104,3789,5
4104,3793,3
4106,1763,5
4106,2607,5
4106,3200,5
4106,3672,5
4106,3892,5
4110,650,2
4110,2717,3
4110,3387,4
4110,3561,3
4110,3892,5
4113,1088,3
4113,1142,3
4113,2215,4
4113,2375,3
4113,3762,4
4114,47,3
4114,1396,5
4114,2447,3
4114,2638,5
4114,3296,4
4115,1933,4
4115,2079,4
4115,2654,3
4115,3474,4
4115,3860,5
4116,2513,4
4116,2562,4
4116,2607,4
4116,3111,4
4116,3270,4
4123,263,3
4123,398,4
4123,1903,4
4123,2858,4
4123,3614,3
4127,1093,3
4127,1823,4
4127,2607,5
4127,2852,4
4127,3892,2
4128,1572,2
4128,2091,5
4128,2509,1
4128,2658,4
4128,2983,3
4131,719,4
4131,932,3
4131,1232,4
4131,2562,5
4131,3795,4
4132,492,3
4132,1445,2
4132,1640,5
4132,3027,5
4132,3324,4
4135,456,5
4135,596,1
4135,653,4
4135,2544,4
4135,3841,3
4137,1329,3
4137,2014,3
4137,2498,1
4137,3429,2
4137,3672,4
4139,462,2
4139,985,1
4139,2080,4
4139,2841,5
4139,3779,3
4160,226,4
4160,1560,4
4160,1962,3
4160,2808,3
4160,3145,4
4164,385,4
4164,1243,4
4164,1468,5
4164,2252,4
4164,3667,4
4170,1492,4
4170,2252,3
4170,2540,4
4170,2892,4
4170,3062,5
4177,995,2
4177,1399,3
4177,1468,3
4177,1572,2
4177,1632,4
4185,914,4
4185,1201,4
4185,1408,3
4185,2691,3
4185,2827,5
4196,456,4
4196,465,5
4196,594,4
4196,1468,5
4196,2215,4
4197,1034,4
4197,2226,4
4197,2334,2
4197,3173,5
4197,3385,2
4199,815,5
4199,1609,2
4199,1868,4
4199,2893,5
4199,3766,5
4204,21,5
4204,408,4
4204,537,5
4204,1263,4
4204,1921,5
4208,321,3
4208,1456,4
4208,1608,5
4208,2853,5
4208,3362,3
4211,790,4
4211,1157,2
4211,1617,4
4211,2498,5
4211,2922,4
4216,932,5
4216,2109,5
4216,2314,5
4216,2453,5
4216,3860,5
4217,1560,4
4217,2252,3
4217,2283,2
4217,2728,3
4217,3206,3
4218,815,3
4218,1324,2
4218,2634,2
4218,2876,4
4218,3075,3
4219,159,2
4219,176,3
4219,668,4
4219,1013,4
4219,1142,5
4220,748,4
4220,1639,4
4220,2220,3
4220,3413,5
4220,3801,1
4221,1088,4
4221,1507,1
4221,1711,1
4221,2443,5
4221,3747,4
4233,538,4
4233,1265,4
4233,1645,5
4233,3060,4
4233,3892,5
4236,379,4
4236,697,5
4236,1201,5
4236,2220,4
4236,2666,4
4239,456,5
4239,459,3
4239,1763,4
4239,2226,5
4239,3431,4
4248,53,4
4248,555,3
4248,668,4
4248,714,4
4248,3567,3
4256,1803,4
4256,1962,3
4256,2593,2
4256,2705,3
4256,3813,4
4274,433,4
4274,1258,4
4274,1742,4
4274,3463,4
4274,3892,3
4275,1924,1
4275,2372,1
4275,2879,1
4275,3404,5
4275,3500,5
4277,2091,3
4277,2103,3
4277,2381,5
4277,2683,5
4277,2993,5
4284,172,2
4284,1302,1
4284,2014,4
4284,2603,4
4284,3674,2
4285,483,3
4285,524,4
4285,784,5
4285,873,4
4285,3401,3
4289,1088,5
4289,1956,4
4289,2888,3
4289,3324,4
4289,3649,3
4299,311,4
4299,836,5
4299,1179,5
4299,2967,5
4299,3472,5
4302,902,4
4302,1181,3
4302,1645,4
4302,2967,4
4302,3349,4
4322,49,3
4322,129,4
4322,308,3
4322,965,3
4322,982,4
4326,302,3
4326,714,4
4326,1424,5
4326,1998,1
4326,3367,3
4349,1009,5
4349,1190,4
4349,1491,3
4349,2820,4
4349,3773,3
4355,116,5
4355,320,5
4355,1878,3
4355,2041,5
4355,3795,5
4367,622,5
4367,1108,1
4367,2248,5
4367,2363,4
4367,2513,4
4378,418,1
4378,912,5
4378,1294,1
4378,1953,5
4378,2646,5
4381,537,5
4381,545,4
4381,813,4
4381,2720,5
4381,3070,5
4388,906,5
4388,1062,5
4388,2286,5
4388,2330,5
4388,3201,4
4407,930,3
4407,1375,4
4407,1663,3
4407,1866,4
4407,2202,3
4408,571,5
4408,1116,4
4408,1643,5
4408,1748,5
4408,3855,5
4412,1559,3
4412,2361,5
4412,2603,4
4412,3027,5
4412,3111,4
4414,332,4
4414,1159,5
4414,1275,4
4414,1972,4
4414,2876,3
4415,1095,2
4415,1971,4
4415,2213,5
4415,2215,4
4415,3027,4
4419,1046,4
4419,3049,2
4419,3463,5
4419,3536,3
4419,3789,5
4421,981,5
4421,1113,3
4421,1306,5
4421,2674,3
4421,3747,4
4429,210,2
4429,994,5
4429,2265,5
4429,3278,4
4429,3517,5
4441,1815,5
4441,1887,5
4441,2908,4
4441,3340,5
4441,3570,4
4448,969,5
4448,1523,3
4448,1930,3
4448,2051,3
4448,3050,2
4456,456,5
4456,1579,4
4456,1951,4
4456,3379,4
4456,3827,4
4459,302,5
4459,719,4
4459,1699,4
4459,3463,5
4459,3765,4
4463,787,5
4463,1368,4
4463,1404,5
4463,3113,3
4463,3620,4
4470,753,4
4470,1067,3
4470,1095,4
4470,1146,3
4470,1429,3
4481,1719,3
4481,2162,3
4481,2747,2
4481,3587,5
4481,3781,5
4484,195,4
4484,994,5
4484,1313,5
4484,3098,5
4484,3340,5
4495,1208,4
4495,1739,3
4495,1810,4
4495,2265,3
4495,2813,4
4503,146,4
4503,965,3
4503,1168,5
4503,1306,5
4503,3885,5
4508,2215,3
4508,2769,3
4508,2944,4
4508,3845,5
4508,3861,3
4513,714,2
4513,1312,3
4513,1815,3
4513,2215,4
4513,3391,3
4517,753,2
4517,805,4
4517,935,2
4517,989,3
4517,2248,1
4530,651,2
4530,2381,3
4530,2404,5
4530,2513,5
4530,3518,4
4532,972,4
4532,1302,3
4532,1799,3
4532,3336,2
4532,3446,5
4538,200,2
4538,2289,5
4538,2389,3
4538,2673,3
4538,3184,2
4552,620,4
4552,934,3
4552,1179,3
4552,1190,4
4552,2330,4
4553,1506,4
4553,1950,4
4553,2467,5
4553,3375,5
4553,3763,4
4557,25,4
4557,1091,2
4557,1491,4
4557,1882,4
4557,2808,3
4566,591,3
4566,1275,4
4566,2169,4
4566,2556,2
4566,3777,3
4569,97,3
4569,833,5
4569,932,3
4569,1408,4
4569,2447,4
4575,83,3
4575,2283,2
4575,2361,4
4575,3662,2
4575,3936,4
4580,514,5
4580,2394,3
4580,3038,3
4580,3439,4
4580,3773,3
4581,319,4
4581,1009,5
4581,1746,3
4581,2270,4
4581,2967,5
4582,802,4
4582,994,3
4582,1385,3
4582,1823,4
4582,3567,4
4585,1407,4
4585,1632,4
4585,2461,4
4585,2720,4
4585,3740,4
4592,1270,5
4592,1565,5
4592,2634,4
4592,3795,4
4592,3914,4
4593,276,3
4593,608,3
4593,1685,4
4593,1701,2
4593,3501,3
4594,120,1
4594,160,4
4594,1214,1
4594,2381,5
4594,3672,4
4598,210,4
4598,936,2
4598,968,3
4598,3860,3
4598,3901,3
4609,1243,4
4609,1278,3
4609,1546,1
4609,2375,4
4609,2617,4
4613,64,3
4613,862,2
4613,1350,3
4613,1789,3
4613,3264,2
4614,226,3
4614,690,3
4614,1701,5
4614,1946,1
4614,2130,1
4616,765,3
4616,788,1
4616,1560,2
4616,3181,3
4616,3934,2
4617,866,2
4617,2311,3
4617,2455,4
4617,2812,5
4617,3354,2
4624,408,4
4624,976,4
4624,2852,4
4624,3694,4
4624,3777,4
4626,121,4
4626,1845,5
4626,2058,5
4626,2805,4
4626,3522,1
4628,268,4
4628,537,5
4628,1481,4
4628,1571,3
4628,3348,3
4638,719,3
4638,926,5
4638,1742,3
4638,2671,3
4638,3498,5
4640,899,1
4640,1080,2
4640,1181,2
4640,2863,4
4640,3338,3
4641,1922,4
4641,2537,3
4641,2542,3
4641,2587,5
4641,3803,4
4645,1009,5
4645,2075,3
4645,2215,5
4645,3574,5
4645,3821,5
4653,112,5
4653,1099,5
4653,2765,4
4653,3100,3
4653,3501,4
4657,1158,3
4657,1224,3
4657,2128,3
4657,3177,2
4657,3242,1
4667,50,4
4667,323,1
4667,938,4
4667,1507,3
4667,3027,4
4668,2129,4
4668,2808,3
4668,2860,1
4668,3094,3
4668,3786,3
4669,1236,1
4669,1924,3
4669,2133,3
4669,2372,1
4669,3768,3
4670,489,2
4670,1075,4
4670,1617,3
4670,2075,4
4670,2513,4
4672,427,3
4672,1265,5
4672,1589,4
4672,2060,4
4672,3049,3
4675,705,5
4675,815,3
4675,2574,4
4675,2852,1
4675,3296,3
4679,126,5
4679,378,5
4679,990,4
4679,1992,4
4679,3380,4
4682,244,5
4682,258,2
4682,2733,4
4682,2891,5
4682,3630,4
4685,303,4
4685,994,4
4685,2928,5
4685,2972,4
4685,3173,5
4691,408,4
4691,979,4
4691,1170,5
4691,2587,5
4691,2683,5
4693,296,3
4693,719,4
4693,2375,4
4693,3864,4
4693,3892,4
4695,630,3
4695,2215,3
4695,2813,5
4695,3241,3
4695,3747,5
4704,112,4
4704,919,2
4704,1404,4
4704,1440,3
4704,2733,3
4706,1559,5
4706,1715,5
4706,2556,4
4706,3104,4
4706,3506,5
4708,344,3
4708,667,3
4708,693,4
4708,1249,4
4708,3196,4
4714,456,5
4714,1024,5
4714,3391,3
4714,3694,5
4714,3882,4
4726,337,4
4726,1113,1
4726,3206,3
4726,3235,2
4726,3444,3
4732,1243,4
4732,1292,3
4732,2443,2
4732,3793,3
4732,3892,5
4745,275,5
4745,719,2
4745,785,4
4745,2057,5
4745,2565,5
4746,74,1
4746,1190,5
4746,1668,1
4746,3027,5
4746,3285,1
4748,1778,3
4748,2830,5
4748,3057,4
4748,3184,3
4748,3887,1
4753,1148,3
4753,1168,5
4753,1763,4
4753,1822,5
4753,2074,3
4761,34,5
4761,429,5
4761,854,5
4761,1500,3
4761,2063,4
4762,1144,4
4762,2538,5
4762,3176,3
4762,3324,4
4762,3410,5
4763,40,2
4763,1035,3
4763,2112,5
4763,2564,4
4763,3200,5
4765,1048,2
4765,1572,4
4765,1657,2
4765,3463,4
4765,3645,3
4766,74,3
4766,1034,4
4766,1179,5
4766,1478,4
4766,3694,4
4767,604,1
4767,965,3
4767,1188,4
4767,1745,4
4767,1763,5
4779,150,4
4779,2128,3
4779,2275,3
4779,3264,4
4779,3855,4
4781,1629,3
4781,1696,4
4781,2693,3
4781,3550,4
4781,3747,5
4783,376,5
4783,1788,5
4783,1901,3
4783,1915,3
4783,3882,2
4784,386,1
4784,1122,3
4784,2272,3
4784,3290,1
4784,3663,5
4789,142,3
4789,537,3
4789,965,4
4789,1261,4
4789,1951,5
4800,821,4
4800,1190,4
4800,1930,3
4800,3324,5
4800,3826,5
4801,437,4
4801,968,4
4801,1162,5
4801,1613,1
4801,1632,4
4803,321,2
4803,456,5
4803,1074,2
4803,1927,1
4803,3700,1
4811,290,4
4811,654,5
4811,1096,4
4811,2248,4
4811,3758,4
4826,403,5
4826,1162,4
4826,2315,5
4826,2749,3
4826,3394,3
4836,965,4
4836,1295,4
4836,2900,5
4836,3429,4
4836,3627,4
4837,333,5
4837,1014,5
4837,2858,5
4837,3082,1
4837,3428,3
4838,302,4
4838,459,5
4838,3207,5
4838,3385,5
4838,3885,5
4842,49,4
4842,502,3
4842,943,3
4842,967,2
4842,1009,5
4861,827,5
4861,1122,3
4861,2215,5
4861,2490,4
4861,3493,3
4866,883,3
4866,2006,2
4866,2820,4
4866,3317,2
4866,3924,3
4868,370,3
4868,1070,4
4868,1349,2
4868,3404,5
4868,3694,5
4877,815,5
4877,1701,1
4877,1806,5
4877,1927,5
4877,3443,5
4882,258,4
4882,1125,5
4882,1443,4
4882,1559,3
4882,3210,3
4887,918,5
4887,1220,5
4887,1645,5
4887,2381,5
4887,2757,5
4891,687,4
4891,827,5
4891,1354,3
4891,2750,4
4891,3827,1
4894,305,4
4894,907,2
4894,1170,3
4894,1599,4
4894,3313,5
4895,156,3
4895,970,5
4895,2728,2
4895,3164,5
4895,3792,5
4903,1100,5
4903,1146,2
4903,2248,3
4903,2534,2
4903,3487,3
4908,21,4
4908,198,4
4908,1167,4
4908,1405,3
4908,3934,4
4909,1908,2
4909,1921,4
4909,2322,4
4909,3270,4
4909,3800,5
4914,1962,5
4914,2752,4
4914,3324,5
4914,3457,2
4914,3795,5
4915,111,5
4915,318,3
4915,1748,5
4915,2858,2
4915,2879,5
4925,483,4
4925,538,2
4925,1745,2
4925,1850,3
4925,1962,3
4934,268,5
4934,323,4
4934,785,4
4934,1243,5
4934,3098,3
4942,1165,4
4942,1373,4
4942,3345,4
4942,3405,5
4942,3795,3
4952,1018,3
4952,1088,5
4952,1694,3
4952,2075,4
4952,2845,4
4955,827,3
4955,1201,4
4955,1500,5
4955,2407,5
4955,3501,5
4965,172,2
4965,1993,1
4965,2128,1
4965,2900,4
4965,3773,5
4967,263,3
4967,1148,3
4967,2322,3
4967,2408,4
4967,2603,4
4973,173,3
4973,1571,3
4973,1675,1
4973,2876,1
4973,3860,3
4977,678,5
4977,1421,3
4977,2182,4
4977,2259,5
4977,3165,3
4991,428,4
4991,1953,4
4991,2356,4
4991,2580,2
4991,3694,5
4997,477,3
4997,971,5
4997,994,5
4997,2408,4
4997,3375,5
4998,332,4
4998,1125,4
4998,1817,5
4998,2104,4
4998,2377,5
5000,114,4
5000,339,4
5000,795,3
5000,2664,3
5000,2864,5
5005,982,1
5005,2284,1
5005,2302,4
5005,3176,5
5005,3860,2
5008,210,5
5008,686,4
5008,1231,3
5008,1500,5
5008,3845,4
5018,1102,3
5018,1278,1
5018,3348,3
5018,3439,5
5018,3928,1
5028,461,4
5028,1514,4
5028,1685,3
5028,2339,4
5028,2950,3
5032,567,4
5032,1685,4
5032,1823,4
5032,2216,4
5032,3051,2
5037,413,4
5037,1368,3
5037,2757,5
5037,2900,5
5037,3344,5
5041,1278,2
5041,1329,3
5041,2235,2
5041,2708,2
5041,3047,4
5043,1218,5
5043,1232,4
5043,3164,5
5043,3285,4
5043,3446,5
5045,605,4
5045,757,5
5045,2215,3
5045,3578,4
5045,3936,3
5051,486,3
5051,2073,4
5051,2252,3
5051,2275,3
5051,3747,4
5054,103,4
5054,1034,1
5054,1748,2
5054,1898,2
5054,2290,2
5065,1559,5
5065,1561,3
5065,1645,5
5065,2967,4
5065,3289,2
5068,537,5
5068,1009,5
5068,1125,1
5068,1381,3
5068,2469,4
5069,1248,4
5069,2790,1
5069,2879,4
5069,3443,3
5069,3587,5
5081,1759,5
5081,2057,4
5081,2454,5
5081,3145,5
5081,3273,5
5088,537,3
5088,1763,4
5088,1972,4
5088,2458,2
5088,2914,3
5094,134,5
5094,688,2
5094,1019,5
5094,1789,4
5094,3272,4
5112,609,2
5112,814,4
5112,840,2
5112,2633,3
5112,3223,1
5117,2593,4
5117,2617,4
5117,2967,3
5117,3132,4
5117,3336,4
5120,1839,2
5120,2013,2
5120,2808,3
5120,3157,3
5120,3498,5
5122,274,4
5122,821,2
5122,1146,3
5122,2314,3
5122,2796,3
5124,182,5
5124,1232,5
5124,1491,4
5124,1851,5
5124,2170,4
5127,254,4
5127,2364,4
5127,2427,4
5127,2914,5
5127,3391,5
5129,698,4
5129,784,1
5129,2858,4
5129,3060,4
5129,3682,2
5130,981,4
5130,1366,4
5130,2634,4
5130,2846,4
5130,3212,4
5133,1088,4
5133,1388,1
5133,2265,4
5133,2446,4
5133,3212,2
5138,1412,3
5138,1572,4
5138,1870,5
5138,3062,3
5138,3700,4
5139,688,4
5139,1088,5
5139,1100,4
5139,2139,4
5139,3345,5
5141,1608,5
5141,2128,5
5141,2215,5
5141,2614,4
5141,3173,4
5145,991,4
5145,2314,4
5145,2890,3
5145,3567,3
5145,3892,4
5165,129,5
5165,486,4
5165,3296,2
5165,3486,2
5165,3840,2
5168,276,4
5168,848,4
5168,1190,4
5168,1521,4
5168,1685,4
5173,1179,5
5173,2408,3
5173,3377,2
5173,3747,4
5173,3773,2
5174,621,4
5174,1208,4
5174,1785,3
5174,1839,5
5174,2895,4
5175,483,3
5175,514,2
5175,589,5
5175,698,5
5175,1891,3
5176,571,3
5176,1233,5
5176,1456,3
5176,1500,4
5176,3410,5
5183,200,5
5183,1491,5
5183,2291,5
5183,3663,4
5183,3882,3
5185,320,4
5185,1617,2
5185,1898,2
5185,2016,1
5185,3672,4
5187,200,4
5187,1243,5
5187,1851,5
5187,3556,5
5187,3567,3
5190,874,3
5190,1870,3
5190,2858,4
5190,3795,5
5190,3855,3
5193,950,5
5193,1440,1
5193,1645,1
5193,2654,5
5193,2745,5
5199,181,5
5199,1329,5
5199,2788,5
5199,3133,5
5199,3498,5
5202,672,3
5202,1668,3
5202,1685,4
5202,1851,5
5202,1921,5
5203,411,3
5203,1934,2
5203,3201,2
5203,3313,4
5203,3663,5
5220,226,4
5220,1144,4
5220,1999,4
5220,2813,4
5220,3324,3
5227,1571,5
5227,2603,5
5227,2895,4
5227,3100,4
5227,3773,4
5233,287,5
5233,538,3
5233,553,4
5233,1312,2
5233,2447,4
5235,113,5
5235,949,4
5235,1859,3
5235,2607,3
5235,2752,3
5246,2123,4
5246,2215,3
5246,2405,4
5246,3368,4
5246,3921,3
5250,1058,5
5250,1839,5
5250,2422,5
5250,2455,4
5250,2479,5
5251,1007,3
5251,1645,4
5251,1668,3
5251,1690,4
5251,2091,4
5254,456,5
5254,1472,5
5254,1744,2
5254,2160,4
5254,3663,5
5259,1971,3
5259,2350,5
5259,2659,5
5259,3122,1
5259,3864,3
5275,226,5
5275,858,3
5275,1786,4
5275,2666,2
5275,3296,4
5283,1571,5
5283,1785,5
5283,2337,2
5283,2989,4
5283,2993,4
5288,1070,2
5288,2075,4
5288,2138,3
5288,2301,4
5288,2498,2
5291,700,4
5291,1232,4
5291,1956,4
5291,2350,4
5291,2462,3
5292,2347,4
5292,2440,4
5292,2513,4
5292,2634,4
5292,3845,4
5293,389,3
5293,483,5
5293,1190,1
5293,1400,5
5293,3446,5
5296,477,4
5296,1407,5
5296,1521,5
5296,2056,4
5296,3446,5
5301,1690,5
5301,2607,4
5301,2967,2
5301,3313,5
5301,3892,2
5309,923,3
5309,995,3
5309,1873,5
5309,1992,5
5309,2310,2
5316,158,1
5316,263,5
5316,1546,4
5316,2103,1
5316,2954,1
5317,328,5
5317,1058,3
5317,2213,4
5317,2334,5
5317,3589,5
5325,19,5
5325,129,4
5325,2671,4
5325,2954,3
5325,3201,4
5330,263,3
5330,697,5
5330,952,5
5330,1696,3
5330,2977,4
5339,269,4
5339,902,3
5339,1165,3
5339,1222,3
5339,2858,3
5340,1468,5
5340,1851,4
5340,2692,4
5340,2922,4
5340,3498,5
5346,567,4
5346,915,3
5346,1951,4
5346,2443,4
5346,3789,5
5353,965,4
5353,1144,4
5353,1999,4
5353,2860,4
5353,3037,4
5356,59,1
5356,1953,5
5356,2997,5
5356,3682,4
5356,3718,5
5357,1851,5
5357,2014,4
5357,2987,5
5357,3500,4
5357,3800,4
5363,579,2
5363,1428,2
5363,1665,3
5363,2057,3
5363,3145,4
5364,96,2
5364,863,3
5364,3173,4
5364,3324,3
5364,3759,4
5382,276,4
5382,1031,5
5382,2792,4
5382,3050,2
5382,3902,4
5385,1331,4
5385,1839,1
5385,2420,5
5385,2607,5
5385,3184,4
5392,254,3
5392,419,3
5392,456,5
5392,1125,1
5392,1190,4
5394,757,5
5394,2265,3
5394,2467,5
5394,2987,3
5394,3548,5
5395,821,5
5395,936,3
5395,1329,4
5395,2247,1
5395,2389,3
5400,1727,2
5400,2553,5
5400,3207,5
5400,3584,5
5400,3721,5
5404,333,4
5404,698,5
5404,1009,5
5404,1848,4
5404,3813,4
5406,318,5
5406,567,5
5406,1332,2
5406,2006,4
5406,2574,5
5413,1175,3
5413,1368,4
5413,2706,3
5413,3345,5
5413,3924,2
5420,226,3
5420,1265,5
5420,1402,2
5420,1645,5
5420,3827,4
5436,263,4
5436,2051,4
5436,2187,2
5436,2292,3
5436,3875,4
5438,1188,2
5438,1292,4
5438,2314,3
5438,3567,2
5438,3892,5
5444,423,5
5444,1639,4
5444,3047,4
5444,3376,5
5444,3704,5
5446,1668,4
5446,2454,5
5446,2767,5
5446,3759,4
5446,3787,5
5447,990,5
5447,1113,1
5447,1229,5
5447,2572,3
5447,2993,1
5448,861,3
5448,883,4
5448,2142,2
5448,2838,3
5448,3184,2
5451,1233,4
5451,1741,4
5451,1951,5
5451,3510,5
5451,3773,5
5452,122,4
5452,216,3
5452,2607,5
5452,2635,2
5452,3113,5
5459,784,4
5459,858,4
5459,1999,3
5459,2075,4
5459,2619,1
5460,389,4
5460,1007,5
5460,2451,4
5460,3170,5
5460,3667,5
5464,1093,3
5464,1420,4
5464,1468,5
5464,3151,3
5464,3313,5
5467,456,4
5467,2800,5
5467,2857,4
5467,3385,4
5467,3538,5
5468,1381,5
5468,1501,2
5468,1605,1
5468,1690,5
5468,2808,3
5471,790,5
5471,1146,4
5471,1261,5
5471,1850,4
5471,3133,4
5475,1453,2
5475,1781,4
5475,1924,4
5475,2416,4
5475,2812,3
5480,329,3
5480,1804,4
5480,1875,4
5480,1901,4
5480,2225,2
5496,965,4
5496,1497,2
5496,2311,4
5496,2331,3
5496,2838,3
5507,1146,4
5507,1468,4
5507,1739,4
5507,2482,4
5507,3463,4
5511,1190,5
5511,1701,2
5511,2696,2
5511,3663,5
5511,3855,2
5519,930,3
5519,932,3
5519,1125,3
5519,1146,3
5519,1810,1
5520,537,5
5520,712,5
5520,800,4
5520,3624,3
5520,3664,4
5521,80,3
5521,1340,3
5521,2805,5
5521,3070,5
5521,3845,3
5527,263,2
5527,537,5
5527,1429,4
5527,2684,5
5527,3672,5
5531,854,2
5531,932,4
5531,1034,1
5531,1815,2
5531,3795,1
5538,331,3
5538,443,3
5538,1058,5
5538,1613,5
5538,2381,5
5547,456,5
5547,1332,4
5547,1761,4
5547,2409,4
5547,2745,4
5552,1675,4
5552,1795,4
5552,1898,4
5552,2301,3
5552,3718,4
5553,244,4
5553,348,3
5553,1962,4
5553,2283,4
5553,2971,2
5555,622,3
5555,1604,2
5555,2410,3
5555,2863,4
5555,3740,4
5556,200,5
5556,460,3
5556,1468,3
5556,1915,3
5556,3663,3
5559,1329,2
5559,1729,3
5559,2420,3
5559,2564,3
5559,2937,3
5561,1170,5
5561,2372,5
5561,2435,5
5561,2750,4
5561,3235,2
5583,198,4
5583,1397,4
5583,2297,4
5583,3684,2
5583,3871,4
5585,303,4
5585,2216,2
5585,3663,4
5585,3815,3
5585,3850,3
5588,2513,4
5588,2607,5
5588,2989,4
5588,3344,4
5588,3513,4
5603,587,5
5603,2453,3
5603,2852,3
5603,3230,5
5603,3518,4
5617,739,3
5617,1645,4
5617,1981,5
5617,1999,5
5617,2186,1
5618,1265,4
5618,2314,4
5618,2443,5
5618,2603,5
5618,3718,2
5620,1009,5
5620,1190,5
5620,2623,4
5620,3352,4
5620,3696,2
5621,594,5
5621,1362,3
5621,1887,5
5621,3607,5
5621,3928,2
5622,486,3
5622,951,4
5622,1552,4
5622,1645,5
5622,3800,4
5629,721,1
5629,1822,4
5629,2215,4
5629,2272,5
5629,3028,5
5630,620,5
5630,982,4
5630,1690,4
5630,2458,4
5630,3200,5
5631,173,3
5631,2706,5
5631,3187,4
5631,3277,4
5631,3930,4
5651,156,4
5651,2648,4
5651,3296,3
5651,3385,4
5651,3726,3
5662,2654,5
5662,2733,4
5662,2845,4
5662,2900,4
5662,3510,5
5663,134,4
5663,2164,2
5663,2886,3
5663,3172,1
5663,3380,5
5667,456,4
5667,1427,3
5667,2306,4
5667,3487,3
5667,3793,2
5669,263,4
5669,2133,1
5669,3107,4
5669,3592,4
5669,3663,2
5670,456,4
5670,608,4
5670,1249,5
5670,1368,4
5670,3747,4
5678,668,4
5678,817,3
5678,928,4
5678,3168,4
5678,3907,4
5683,6,3
5683,1222,5
5683,1458,4
5683,2114,1
5683,2159,4
5687,236,4
5687,537,5
5687,989,4
5687,1685,4
5687,3773,4
5690,173,1
5690,483,5
5690,697,5
5690,982,5
5690,2455,4
5693,2065,2
5693,2607,5
5693,3364,2
5693,3892,2
5693,3936,3
5700,355,5
5700,881,4
5700,1815,3
5700,2235,3
5700,2291,5
5707,6,4
5707,508,5
5707,1901,3
5707,2404,2
5707,2585,4
5716,555,3
5716,719,4
5716,1611,3
5716,2846,5
5716,3200,4
5720,328,4
5720,1763,5
5720,2265,4
5720,2900,4
5720,3212,4
5722,2225,3
5722,2511,4
5722,2634,4
5722,2863,5
5722,3173,4
5726,2908,4
5726,3099,4
5726,3172,5
5726,3732,3
5726,3795,1
5728,1112,3
5728,1208,5
5728,2563,4
5728,3549,1
5728,3662,5
5730,1031,2
5730,1560,3
5730,1629,4
5730,2252,2
5730,3151,4
5733,142,5
5733,697,4
5733,982,4
5733,2405,5
5733,3594,5
5735,342,5
5735,821,3
5735,901,4
5735,2021,5
5735,3780,4
5737,113,3
5737,426,3
5737,1024,5
5737,1523,4
5737,2348,3
5742,537,4
5742,1748,3
5742,1870,1
5742,2265,5
5742,2921,1
5745,537,5
5745,754,1
5745,1093,5
5745,1571,5
5745,2750,4
5749,784,1
5749,858,1
5749,3015,5
5749,3314,4
5749,3463,5
5753,34,1
5753,1151,2
5753,1874,2
5753,2908,2
5753,3428,3
5754,1190,5
5754,1410,3
5754,3712,4
5754,3747,5
5754,3933,4
5758,105,4
5758,1190,5
5758,1466,4
5758,3145,3
5758,3428,4
5765,1491,5
5765,1560,4
5765,1645,5
5765,2443,3
5765,2974,5
5766,719,3
5766,981,4
5766,1179,5
5766,1873,5
5766,2443,5
5779,388,4
5779,748,4
5779,1645,4
5779,2634,4
5779,2658,1
5784,436,2
5784,555,3
5784,1010,5
5784,1213,5
5784,1421,3
5785,198,5
5785,845,3
5785,2766,3
5785,3573,4
5785,3689,3
5797,453,3
5797,1427,5
5797,1505,5
5797,3060,4
5797,3773,5
5801,483,2
5801,1232,5
5801,1352,4
5801,2204,3
5801,2635,3
5810,492,3
5810,688,4
5810,873,4
5810,1701,2
5810,1875,3
5822,379,2
5822,958,2
5822,1049,1
5822,1815,1
5822,2546,1
5824,476,2
5824,571,2
5824,649,5
5824,1645,5
5824,2873,3
5825,621,4
5825,757,4
5825,1366,4
5825,2380,3
5825,2381,4
5833,411,2
5833,1858,4
5833,1980,3
5833,3038,4
5833,3567,4
5834,74,5
5834,226,4
5834,800,4
5834,1501,3
5834,3324,4
5847,262,3
5847,470,5
5847,1081,3
5847,2144,3
5847,2372,4
5848,930,1
5848,1875,3
5848,2536,1
5848,3107,4
5848,3750,1
5852,2065,2
5852,2562,4
5852,3518,4
5852,3826,5
5852,3833,4
5858,867,5
5858,1137,4
5858,1161,5
5858,1553,5
5858,3049,5
5861,994,4
5861,1560,4
5861,1599,4
5861,2900,5
5861,3281,4
5865,1405,3
5865,1456,4
5865,2011,3
5865,2420,5
5865,3094,4
5867,617,4
5867,1701,3
5867,2109,2
5867,2248,5
5867,3550,3
5881,6,1
5881,76,3
5881,1588,2
5881,2772,1
5881,3463,1
5887,74,3
5887,236,3
5887,398,5
5887,700,3
5887,2967,4
5888,1146,1
5888,1248,4
5888,1481,5
5888,2163,5
5888,2331,1
5890,247,1
5890,753,5
5890,1273,3
5890,1673,3
5890,3076,1
5894,2520,4
5894,2607,4
5894,2852,4
5894,3712,4
5894,3924,4
5900,1088,5
5900,1368,4
5900,1763,5
5900,3123,3
5900,3762,1
5905,965,5
5905,1927,3
5905,2164,3
5905,2989,5
5905,3100,4
5906,53,3
5906,423,4
5906,534,3
5906,1007,5
5906,1243,4
5917,873,1
5917,1500,1
5917,2014,5
5917,2381,5
5917,2684,5
5923,787,3
5923,2996,4
5923,3313,4
5923,3324,4
5923,3588,4
5926,110,3
5926,1126,4
5926,1565,4
5926,3014,4
5926,3734,3
5931,1188,3
5931,1344,5
5931,3070,5
5931,3435,5
5931,3721,5
5934,87,3
5934,606,3
5934,763,3
5934,2933,3
5934,3266,3
5940,1142,2
5940,1481,4
5940,1668,5
5940,2057,5
5940,3936,3
5941,404,4
5941,1058,5
5941,1148,5
5941,1190,3
5941,2371,5
5951,266,2
5951,553,3
5951,1368,4
5951,2266,1
5951,3463,5
5952,1427,4
5952,2248,3
5952,2408,4
5952,3501,5
5952,3570,4
5965,1165,5
5965,1323,3
5965,2381,5
5965,2813,5
5965,3683,5
5968,916,4
5968,1492,2
5968,2813,5
5968,2914,2
5968,3795,3
5969,60,3
5969,302,5
5969,1381,4
5969,2683,5
5969,3518,5
5971,1034,4
5971,1190,4
5971,1446,5
5971,3037,2
5971,3380,4
5980,444,4
5980,1350,5
5980,1468,5
5980,2858,4
5980,3376,5
5982,159,4
5982,268,4
5982,748,3
5982,2291,4
5982,3747,5
5984,1248,4
5984,1427,4
5984,1962,5
5984,2383,4
5984,2858,4
5990,274,2
5990,2443,4
5990,2469,4
5990,2603,3
5990,3075,2
5994,538,1
5994,1460,5
5994,2247,4
5994,3123,5
5994,3385,5
5995,337,3
5995,1474,3
5995,1565,5
5995,2858,2
5995,3571,3
5998,68,4
5998,318,4
5998,1685,4
5998,2443,5
5998,2607,4
6002,337,5
6002,1462,4
6002,1962,4
6002,2544,4
6002,3368,4
6012,735,4
6012,2143,4
6012,2693,5
6012,3463,5
6012,3795,5
6018,1146,5
6018,1887,4
6018,2031,4
6018,2653,5
6018,3721,5
6033,290,5
6033,622,3
6033,2398,4
6033,2421,3
6033,3065,3
